,game,player,color,move,turn
0,1,Alfons2357,White,e4,1
1,1,shreyassikchi,Black,c5,2
2,1,Alfons2357,White,Nf3,3
3,1,shreyassikchi,Black,Nc6,4
4,1,Alfons2357,White,Nc3,5
5,1,shreyassikchi,Black,e5,6
6,1,Alfons2357,White,Bc4,7
7,1,shreyassikchi,Black,Nf6,8
8,1,Alfons2357,White,Ng5,9
9,1,shreyassikchi,Black,Be7,10
10,1,Alfons2357,White,O-O,11
11,1,shreyassikchi,Black,d5,12
12,1,Alfons2357,White,exd5,13
13,1,shreyassikchi,Black,Nxd5,14
14,1,Alfons2357,White,Nxd5,15
15,1,shreyassikchi,Black,Bxg5,16
16,1,Alfons2357,White,Qh5,17
17,1,shreyassikchi,Black,Bf6,18
18,1,Alfons2357,White,Nxf6+,19
19,1,shreyassikchi,Black,Qxf6,20
20,1,Alfons2357,White,c3,21
21,1,shreyassikchi,Black,Qg6,22
22,1,Alfons2357,White,Qxg6,23
23,1,shreyassikchi,Black,fxg6,24
24,1,Alfons2357,White,Re1,25
25,1,shreyassikchi,Black,Na5,26
26,1,Alfons2357,White,Rxe5+,27
27,1,shreyassikchi,Black,Kd7,28
28,1,Alfons2357,White,d3,29
29,1,shreyassikchi,Black,Nxc4,30
30,1,Alfons2357,White,dxc4,31
31,1,shreyassikchi,Black,Kd6,32
32,1,Alfons2357,White,Bf4,33
33,1,shreyassikchi,Black,Bf5,34
34,1,Alfons2357,White,Rd1+,35
35,1,shreyassikchi,Black,Kc6,36
36,1,Alfons2357,White,Rdd5,37
37,1,shreyassikchi,Black,Rhe8,38
38,1,Alfons2357,White,Rxc5+,39
39,1,shreyassikchi,Black,Kb6,40
40,1,Alfons2357,White,Rxe8,41
41,1,shreyassikchi,Black,Rxe8,42
42,1,Alfons2357,White,Be3,43
43,1,shreyassikchi,Black,Ka6,44
44,1,Alfons2357,White,b4,45
45,1,shreyassikchi,Black,b6,46
46,1,Alfons2357,White,Ra5+,47
47,1,shreyassikchi,Black,bxa5,48
48,1,Alfons2357,White,c5,49
49,1,shreyassikchi,Black,axb4,50
50,1,Alfons2357,White,cxb4,51
51,1,shreyassikchi,Black,Kb5,52
52,1,Alfons2357,White,a3,53
53,1,shreyassikchi,Black,Rd8,54
54,1,Alfons2357,White,h3,55
55,1,shreyassikchi,Black,Ka4,56
56,1,Alfons2357,White,g4,57
57,1,shreyassikchi,Black,Be4,58
58,1,Alfons2357,White,Bg5,59
59,1,shreyassikchi,Black,Kxa3,60
60,1,Alfons2357,White,c6,61
61,1,shreyassikchi,Black,Rc8,62
62,1,Alfons2357,White,b5,63
63,1,shreyassikchi,Black,Kb4,64
64,1,Alfons2357,White,f3,65
65,1,shreyassikchi,Black,Bd3,66
66,1,Alfons2357,White,Kf2,67
67,1,shreyassikchi,Black,Kxb5,68
68,1,Alfons2357,White,c7,69
69,1,shreyassikchi,Black,Rxc7,70
70,1,Alfons2357,White,Ke3,71
71,1,shreyassikchi,Black,Bc4,72
72,1,Alfons2357,White,f4,73
73,1,shreyassikchi,Black,h6,74
74,1,Alfons2357,White,Bd8,75
75,1,shreyassikchi,Black,Rd7,76
76,1,Alfons2357,White,Bh4,77
77,1,shreyassikchi,Black,Kc5,78
78,1,Alfons2357,White,Kf3,79
79,1,shreyassikchi,Black,a5,80
80,1,Alfons2357,White,g5,81
81,1,shreyassikchi,Black,hxg5,82
82,1,Alfons2357,White,Bxg5,83
83,1,shreyassikchi,Black,a4,84
84,1,Alfons2357,White,Bh4,85
85,1,shreyassikchi,Black,a3,86
86,1,Alfons2357,White,Be1,87
87,1,shreyassikchi,Black,a2,88
88,1,Alfons2357,White,Bc3,89
89,1,shreyassikchi,Black,Rd3+,90
90,1,Alfons2357,White,Ke2,91
91,1,shreyassikchi,Black,Rxc3+,92
92,1,Alfons2357,White,Kd2,93
93,1,shreyassikchi,Black,Kb4,94
94,1,Alfons2357,White,f5,95
95,1,shreyassikchi,Black,gxf5,96
96,1,Alfons2357,White,h4,97
97,1,shreyassikchi,Black,a1=Q,98
98,1,Alfons2357,White,h5,99
99,1,shreyassikchi,Black,Qa2+,100
100,1,Alfons2357,White,Kd1,101
101,1,shreyassikchi,Black,Rb3,102
102,1,Alfons2357,White,Kc1,103
103,1,shreyassikchi,Black,Rb1#,104
104,2,BigMekNiko,White,e4,1
105,2,Alfons2357,Black,c6,2
106,2,BigMekNiko,White,d4,3
107,2,Alfons2357,Black,d5,4
108,2,BigMekNiko,White,e5,5
109,2,Alfons2357,Black,Bf5,6
110,2,BigMekNiko,White,g4,7
111,2,Alfons2357,Black,Qa5+,8
112,2,BigMekNiko,White,c3,9
113,2,Alfons2357,Black,Be4,10
114,2,BigMekNiko,White,f3,11
115,2,Alfons2357,Black,Bg6,12
116,2,BigMekNiko,White,h4,13
117,2,Alfons2357,Black,h5,14
118,2,BigMekNiko,White,f4,15
119,2,Alfons2357,Black,Nh6,16
120,2,BigMekNiko,White,f5,17
121,2,Alfons2357,Black,Bh7,18
122,2,BigMekNiko,White,g5,19
123,2,Alfons2357,Black,Nxf5,20
124,2,BigMekNiko,White,Nd2,21
125,2,Alfons2357,Black,e6,22
126,2,BigMekNiko,White,Ndf3,23
127,2,Alfons2357,Black,Be7,24
128,2,BigMekNiko,White,Be3,25
129,2,Alfons2357,Black,g6,26
130,2,BigMekNiko,White,Qd2,27
131,2,Alfons2357,Black,Nd7,28
132,2,BigMekNiko,White,a3,29
133,2,Alfons2357,Black,c5,30
134,2,BigMekNiko,White,O-O-O,31
135,2,Alfons2357,Black,Nxe3,32
136,2,BigMekNiko,White,Qxe3,33
137,2,Alfons2357,Black,cxd4,34
138,2,BigMekNiko,White,Qxd4,35
139,2,Alfons2357,Black,Rc8,36
140,2,BigMekNiko,White,Qd3,37
141,2,Alfons2357,Black,Bc5,38
142,2,BigMekNiko,White,Nd4,39
143,2,Alfons2357,Black,Bxd4,40
144,2,BigMekNiko,White,Qxd4,41
145,2,Alfons2357,Black,Nb6,42
146,2,BigMekNiko,White,Nf3,43
147,2,Alfons2357,Black,O-O,44
148,2,BigMekNiko,White,Qd3,45
149,2,Alfons2357,Black,Nc4,46
150,2,BigMekNiko,White,Nd4,47
151,2,Alfons2357,Black,Nxa3,48
152,2,BigMekNiko,White,bxa3,49
153,2,Alfons2357,Black,Qxa3+,50
154,2,BigMekNiko,White,Kd2,51
155,2,Alfons2357,Black,f5,52
156,2,BigMekNiko,White,exf6,53
157,2,Alfons2357,Black,Rxf6,54
158,2,BigMekNiko,White,gxf6,55
159,2,Alfons2357,Black,g5,56
160,2,BigMekNiko,White,Qg3,57
161,2,Alfons2357,Black,Rxc3,58
162,2,BigMekNiko,White,Qxg5+,59
163,2,Alfons2357,Black,Kf7,60
164,2,BigMekNiko,White,Qg7+,61
165,2,Alfons2357,Black,Ke8,62
166,2,BigMekNiko,White,f7+,63
167,2,Alfons2357,Black,Kd8,64
168,2,BigMekNiko,White,f8=Q+,65
169,2,Alfons2357,Black,Qxf8,66
170,2,BigMekNiko,White,Qxf8+,67
171,2,Alfons2357,Black,Kd7,68
172,2,BigMekNiko,White,Qf7+,69
173,2,Alfons2357,Black,Kd6,70
174,2,BigMekNiko,White,Nb5+,71
175,2,Alfons2357,Black,Ke5,72
176,2,BigMekNiko,White,Nxc3,73
177,2,Alfons2357,Black,Kd4,74
178,2,BigMekNiko,White,Qxh7,75
179,2,Alfons2357,Black,b6,76
180,2,BigMekNiko,White,Qd3+,77
181,2,Alfons2357,Black,Kc5,78
182,2,BigMekNiko,White,Rc1,79
183,2,Alfons2357,Black,a5,80
184,2,BigMekNiko,White,Na2+,81
185,2,Alfons2357,Black,Kd6,82
186,2,BigMekNiko,White,Qa6,83
187,2,Alfons2357,Black,a4,84
188,2,BigMekNiko,White,Qxb6+,85
189,2,Alfons2357,Black,Ke7,86
190,2,BigMekNiko,White,Rc7+,87
191,2,Alfons2357,Black,Kf6,88
192,2,BigMekNiko,White,Rg1,89
193,2,Alfons2357,Black,Ke5,90
194,2,BigMekNiko,White,Be2,91
195,2,Alfons2357,Black,a3,92
196,3,Alfons2357,White,e4,1
197,3,karpinsky,Black,e5,2
198,3,Alfons2357,White,Nf3,3
199,3,karpinsky,Black,Nc6,4
200,3,Alfons2357,White,Bc4,5
201,3,karpinsky,Black,Bc5,6
202,3,Alfons2357,White,Ng5,7
203,3,karpinsky,Black,Qxg5,8
204,3,Alfons2357,White,d4,9
205,3,karpinsky,Black,Bxd4,10
206,3,Alfons2357,White,Bxg5,11
207,3,karpinsky,Black,Bxb2,12
208,3,Alfons2357,White,Nd2,13
209,3,karpinsky,Black,Bxa1,14
210,3,Alfons2357,White,Qxa1,15
211,3,karpinsky,Black,Nd4,16
212,3,Alfons2357,White,Qc3,17
213,3,karpinsky,Black,h6,18
214,3,Alfons2357,White,Qb4,19
215,3,karpinsky,Black,Nxc2+,20
216,3,Alfons2357,White,Ke2,21
217,3,karpinsky,Black,Nxb4,22
218,3,Alfons2357,White,Rc1,23
219,3,karpinsky,Black,hxg5,24
220,3,Alfons2357,White,a3,25
221,3,karpinsky,Black,Nc6,26
222,3,Alfons2357,White,Ke3,27
223,3,karpinsky,Black,d6,28
224,3,Alfons2357,White,Bd5,29
225,3,karpinsky,Black,Nf6,30
226,3,Alfons2357,White,f3,31
227,3,karpinsky,Black,Nxd5+,32
228,3,Alfons2357,White,exd5,33
229,3,karpinsky,Black,Nd4,34
230,3,Alfons2357,White,Rxc7,35
231,3,karpinsky,Black,O-O,36
232,3,Alfons2357,White,Ne4,37
233,3,karpinsky,Black,Rd8,38
234,3,Alfons2357,White,g3,39
235,3,karpinsky,Black,Rd7,40
236,3,Alfons2357,White,Rxd7,41
237,3,karpinsky,Black,Bxd7,42
238,3,Alfons2357,White,Nxg5,43
239,3,karpinsky,Black,f6,44
240,3,Alfons2357,White,Ne4,45
241,3,karpinsky,Black,b6,46
242,3,Alfons2357,White,Nxd6,47
243,3,karpinsky,Black,Nc2+,48
244,3,Alfons2357,White,Ke4,49
245,3,karpinsky,Black,Nxa3,50
246,3,Alfons2357,White,h4,51
247,3,karpinsky,Black,b5,52
248,3,Alfons2357,White,g4,53
249,3,karpinsky,Black,b4,54
250,3,Alfons2357,White,Nc4,55
251,3,karpinsky,Black,b3,56
252,3,Alfons2357,White,h5,57
253,3,karpinsky,Black,Nxc4,58
254,3,Alfons2357,White,Kd3,59
255,3,karpinsky,Black,Rc8,60
256,4,Alfons2357,White,e4,1
257,4,frappuccino1999,Black,e5,2
258,4,Alfons2357,White,Nf3,3
259,4,frappuccino1999,Black,Nf6,4
260,4,Alfons2357,White,Nc3,5
261,4,frappuccino1999,Black,Bb4,6
262,4,Alfons2357,White,Bc4,7
263,4,frappuccino1999,Black,O-O,8
264,4,Alfons2357,White,d3,9
265,4,frappuccino1999,Black,Nc6,10
266,4,Alfons2357,White,Bd2,11
267,4,frappuccino1999,Black,Bxc3,12
268,4,Alfons2357,White,Bxc3,13
269,4,frappuccino1999,Black,b6,14
270,4,Alfons2357,White,Nxe5,15
271,4,frappuccino1999,Black,Nxe5,16
272,4,Alfons2357,White,Bxe5,17
273,4,frappuccino1999,Black,a5,18
274,4,Alfons2357,White,Qf3,19
275,4,frappuccino1999,Black,Ba6,20
276,4,Alfons2357,White,Bxa6,21
277,4,frappuccino1999,Black,Rxa6,22
278,4,Alfons2357,White,O-O-O,23
279,4,frappuccino1999,Black,b5,24
280,4,Alfons2357,White,Kb1,25
281,4,frappuccino1999,Black,Re6,26
282,4,Alfons2357,White,Qg3,27
283,4,frappuccino1999,Black,d6,28
284,4,Alfons2357,White,Bd4,29
285,4,frappuccino1999,Black,c5,30
286,4,Alfons2357,White,Be3,31
287,4,frappuccino1999,Black,b4,32
288,4,Alfons2357,White,b3,33
289,4,frappuccino1999,Black,Qb6,34
290,4,Alfons2357,White,d4,35
291,4,frappuccino1999,Black,Rd8,36
292,4,Alfons2357,White,Bh6,37
293,4,frappuccino1999,Black,Ng4,38
294,4,Alfons2357,White,Qxg4,39
295,4,frappuccino1999,Black,Rxh6,40
296,4,Alfons2357,White,e5,41
297,4,frappuccino1999,Black,dxe5,42
298,4,Alfons2357,White,dxc5,43
299,4,frappuccino1999,Black,f5,44
300,4,Alfons2357,White,cxb6,45
301,4,frappuccino1999,Black,fxg4,46
302,4,Alfons2357,White,Rxd8+,47
303,4,frappuccino1999,Black,Kf7,48
304,4,Alfons2357,White,b7,49
305,4,frappuccino1999,Black,Rb6,50
306,4,Alfons2357,White,b8=Q,51
307,4,frappuccino1999,Black,Rxb8,52
308,4,Alfons2357,White,Rxb8,53
309,4,frappuccino1999,Black,Kf6,54
310,5,Alfons2357,White,e4,1
311,5,stomic,Black,e5,2
312,5,Alfons2357,White,Nf3,3
313,5,stomic,Black,Nc6,4
314,5,Alfons2357,White,Bb5,5
315,5,stomic,Black,Nf6,6
316,5,Alfons2357,White,O-O,7
317,5,stomic,Black,Nxe4,8
318,5,Alfons2357,White,d3,9
319,5,stomic,Black,Nf6,10
320,5,Alfons2357,White,Bg5,11
321,5,stomic,Black,d6,12
322,5,Alfons2357,White,Nbd2,13
323,5,stomic,Black,Bd7,14
324,5,Alfons2357,White,Ne4,15
325,5,stomic,Black,Be7,16
326,5,Alfons2357,White,Nxf6+,17
327,5,stomic,Black,Bxf6,18
328,5,Alfons2357,White,Re1,19
329,5,stomic,Black,Bxg5,20
330,5,Alfons2357,White,h4,21
331,5,stomic,Black,Bxh4,22
332,5,Alfons2357,White,g3,23
333,5,stomic,Black,Bg5,24
334,5,Alfons2357,White,c3,25
335,5,stomic,Black,a6,26
336,5,Alfons2357,White,Bxc6,27
337,5,stomic,Black,Bxc6,28
338,5,Alfons2357,White,Nxg5,29
339,5,stomic,Black,Qxg5,30
340,5,Alfons2357,White,Re3,31
341,5,stomic,Black,Qh6,32
342,5,Alfons2357,White,f3,33
343,5,stomic,Black,Qxe3+,34
344,6,petersje,White,d4,1
345,6,Alfons2357,Black,d5,2
346,6,petersje,White,Bf4,3
347,6,Alfons2357,Black,Bf5,4
348,6,petersje,White,e3,5
349,6,Alfons2357,Black,Nf6,6
350,6,petersje,White,Bd3,7
351,6,Alfons2357,Black,Bxd3,8
352,6,petersje,White,Qxd3,9
353,6,Alfons2357,Black,e6,10
354,6,petersje,White,Nc3,11
355,6,Alfons2357,Black,Nbd7,12
356,6,petersje,White,Nf3,13
357,6,Alfons2357,Black,a6,14
358,6,petersje,White,a4,15
359,6,Alfons2357,Black,c5,16
360,6,petersje,White,dxc5,17
361,6,Alfons2357,Black,Bxc5,18
362,6,petersje,White,b3,19
363,6,Alfons2357,Black,Bb4,20
364,6,petersje,White,O-O,21
365,6,Alfons2357,Black,Bxc3,22
366,6,petersje,White,Qxc3,23
367,6,Alfons2357,Black,d4,24
368,6,petersje,White,Qxd4,25
369,6,Alfons2357,Black,O-O,26
370,6,petersje,White,e4,27
371,6,Alfons2357,Black,Rc8,28
372,6,petersje,White,e5,29
373,6,Alfons2357,Black,Nd5,30
374,6,petersje,White,Bg5,31
375,6,Alfons2357,Black,Qc7,32
376,6,petersje,White,Rae1,33
377,6,Alfons2357,Black,h6,34
378,6,petersje,White,Bxh6,35
379,6,Alfons2357,Black,Qxc2,36
380,6,petersje,White,Qg4,37
381,6,Alfons2357,Black,Qh7,38
382,6,petersje,White,Ng5,39
383,6,Alfons2357,Black,Qxh6,40
384,6,petersje,White,h4,41
385,6,Alfons2357,Black,a5,42
386,6,petersje,White,Ne4,43
387,6,Alfons2357,Black,Nxe5,44
388,6,petersje,White,Qg3,45
389,6,Alfons2357,Black,f6,46
390,6,petersje,White,Nd6,47
391,6,Alfons2357,Black,Rc3,48
392,6,petersje,White,f3,49
393,6,Alfons2357,Black,Rxb3,50
394,6,petersje,White,Nf5,51
395,6,Alfons2357,Black,Qh7,52
396,6,petersje,White,Rb1,53
397,6,Alfons2357,Black,Rxb1,54
398,6,petersje,White,Rxb1,55
399,6,Alfons2357,Black,exf5,56
400,6,petersje,White,Rxb7,57
401,6,Alfons2357,Black,g5,58
402,6,petersje,White,hxg5,59
403,6,Alfons2357,Black,Qxb7,60
404,6,petersje,White,gxf6+,61
405,6,Alfons2357,Black,Kh8,62
406,6,petersje,White,Qh4+,63
407,6,Alfons2357,Black,Qh7,64
408,6,petersje,White,Qd4,65
409,6,Alfons2357,Black,Nxf3+,66
410,7,seref789,White,e4,1
411,7,Alfons2357,Black,c6,2
412,7,seref789,White,d4,3
413,7,Alfons2357,Black,d5,4
414,7,seref789,White,e5,5
415,7,Alfons2357,Black,Bf5,6
416,7,seref789,White,f4,7
417,7,Alfons2357,Black,e6,8
418,7,seref789,White,Nf3,9
419,7,Alfons2357,Black,c5,10
420,7,seref789,White,c3,11
421,7,Alfons2357,Black,Nd7,12
422,7,seref789,White,Bb5,13
423,7,Alfons2357,Black,Bxb1,14
424,7,seref789,White,Rxb1,15
425,7,Alfons2357,Black,Ne7,16
426,7,seref789,White,dxc5,17
427,7,Alfons2357,Black,Nc6,18
428,7,seref789,White,b4,19
429,7,Alfons2357,Black,Be7,20
430,7,seref789,White,O-O,21
431,7,Alfons2357,Black,Qc7,22
432,7,seref789,White,Nd4,23
433,7,Alfons2357,Black,a6,24
434,7,seref789,White,Bxc6,25
435,7,Alfons2357,Black,bxc6,26
436,7,seref789,White,Re1,27
437,7,Alfons2357,Black,Nf8,28
438,7,seref789,White,f5,29
439,7,Alfons2357,Black,a5,30
440,7,seref789,White,f6,31
441,7,Alfons2357,Black,gxf6,32
442,7,seref789,White,exf6,33
443,7,Alfons2357,Black,Bxf6,34
444,7,seref789,White,Nxe6,35
445,7,Alfons2357,Black,fxe6,36
446,7,seref789,White,Bh6,37
447,7,Alfons2357,Black,Qf7,38
448,7,seref789,White,Qa4,39
449,7,Alfons2357,Black,Qd7,40
450,7,seref789,White,Rf1,41
451,7,Alfons2357,Black,Bxc3,42
452,7,seref789,White,Rxf8+,43
453,7,Alfons2357,Black,Rxf8,44
454,7,seref789,White,Bxf8,45
455,7,Alfons2357,Black,Bd4+,46
456,7,seref789,White,Kh1,47
457,7,Alfons2357,Black,Kxf8,48
458,7,seref789,White,Rf1+,49
459,7,Alfons2357,Black,Ke7,50
460,7,seref789,White,Qd1,51
461,7,Alfons2357,Black,Bb2,52
462,7,seref789,White,Qc2,53
463,7,Alfons2357,Black,Be5,54
464,7,seref789,White,Qxh7+,55
465,7,Alfons2357,Black,Kd8,56
466,7,seref789,White,Qg8+,57
467,7,Alfons2357,Black,Qe8,58
468,7,seref789,White,Rf8,59
469,7,Alfons2357,Black,Ke7,60
470,7,seref789,White,Rxe8+,61
471,7,Alfons2357,Black,Rxe8,62
472,7,seref789,White,Qh7+,63
473,7,Alfons2357,Black,Kd8,64
474,7,seref789,White,Qh4+,65
475,7,Alfons2357,Black,Re7,66
476,7,seref789,White,Qg5,67
477,7,Alfons2357,Black,Bc7,68
478,7,seref789,White,bxa5,69
479,7,Alfons2357,Black,Bxa5,70
480,7,seref789,White,h4,71
481,7,Alfons2357,Black,d4,72
482,7,seref789,White,Qg4,73
483,7,Alfons2357,Black,d3,74
484,7,seref789,White,Qd4+,75
485,7,Alfons2357,Black,Rd7,76
486,7,seref789,White,Qh8+,77
487,7,Alfons2357,Black,Kc7,78
488,7,seref789,White,Qe5+,79
489,7,Alfons2357,Black,Kd8,80
490,7,seref789,White,Qxe6,81
491,7,Alfons2357,Black,d2,82
492,7,seref789,White,Qf6+,83
493,7,Alfons2357,Black,Re7,84
494,7,seref789,White,Qf8+,85
495,7,Alfons2357,Black,Re8,86
496,7,seref789,White,Qf6+,87
497,7,Alfons2357,Black,Re7,88
498,7,seref789,White,Qd6+,89
499,7,Alfons2357,Black,Rd7,90
500,7,seref789,White,Qf8+,91
501,7,Alfons2357,Black,Kc7,92
502,7,seref789,White,Qf4+,93
503,7,Alfons2357,Black,Kc8,94
504,7,seref789,White,Qf8+,95
505,7,Alfons2357,Black,Rd8,96
506,7,seref789,White,Qf4,97
507,7,Alfons2357,Black,d1=Q+,98
508,7,seref789,White,Kh2,99
509,7,Alfons2357,Black,Bc7,100
510,7,seref789,White,Qxc7+,101
511,7,Alfons2357,Black,Kxc7,102
512,8,Alfons2357,White,e4,1
513,8,Luke123113,Black,d6,2
514,8,Alfons2357,White,Nf3,3
515,8,Luke123113,Black,Nf6,4
516,8,Alfons2357,White,e5,5
517,8,Luke123113,Black,dxe5,6
518,8,Alfons2357,White,Nxe5,7
519,8,Luke123113,Black,g6,8
520,8,Alfons2357,White,c4,9
521,8,Luke123113,Black,Bg7,10
522,8,Alfons2357,White,Nc3,11
523,8,Luke123113,Black,O-O,12
524,8,Alfons2357,White,d4,13
525,8,Luke123113,Black,Nc6,14
526,8,Alfons2357,White,Nxc6,15
527,8,Luke123113,Black,bxc6,16
528,8,Alfons2357,White,Be3,17
529,8,Luke123113,Black,Rb8,18
530,8,Alfons2357,White,Qd2,19
531,8,Luke123113,Black,c5,20
532,8,Alfons2357,White,Nb5,21
533,8,Luke123113,Black,cxd4,22
534,8,Alfons2357,White,Qxd4,23
535,8,Luke123113,Black,Qxd4,24
536,8,Alfons2357,White,Nxd4,25
537,8,Luke123113,Black,Rxb2,26
538,8,Alfons2357,White,h3,27
539,8,Luke123113,Black,Bb7,28
540,8,Alfons2357,White,f3,29
541,8,Luke123113,Black,Nh5,30
542,8,Alfons2357,White,Ne2,31
543,8,Luke123113,Black,Rxe2+,32
544,8,Alfons2357,White,Bxe2,33
545,8,Luke123113,Black,Bxa1,34
546,8,Alfons2357,White,Rh2,35
547,8,Luke123113,Black,Be5,36
548,8,Alfons2357,White,Rh1,37
549,8,Luke123113,Black,Ng3,38
550,8,Alfons2357,White,Rg1,39
551,8,Luke123113,Black,Nxe2,40
552,8,Alfons2357,White,Kxe2,41
553,8,Luke123113,Black,f5,42
554,8,Alfons2357,White,Rd1,43
555,8,Luke123113,Black,Ba6,44
556,8,Alfons2357,White,Kf2,45
557,8,Luke123113,Black,Bxc4,46
558,8,Alfons2357,White,Bxa7,47
559,8,Luke123113,Black,Bxa2,48
560,8,Alfons2357,White,Rd7,49
561,8,Luke123113,Black,Ra8,50
562,8,Alfons2357,White,Be3,51
563,8,Luke123113,Black,e6,52
564,8,Alfons2357,White,g3,53
565,8,Luke123113,Black,Bc4,54
566,8,Alfons2357,White,Rd1,55
567,8,Luke123113,Black,Ra2+,56
568,8,Alfons2357,White,Bd2,57
569,8,Luke123113,Black,Bc3,58
570,8,Alfons2357,White,Ke3,59
571,8,Luke123113,Black,Bxd2+,60
572,8,Alfons2357,White,Rxd2,61
573,8,Luke123113,Black,Rxd2,62
574,8,Alfons2357,White,Kxd2,63
575,8,Luke123113,Black,e5,64
576,8,Alfons2357,White,Kc3,65
577,8,Luke123113,Black,Be2,66
578,8,Alfons2357,White,f4,67
579,8,Luke123113,Black,exf4,68
580,8,Alfons2357,White,gxf4,69
581,8,Luke123113,Black,h5,70
582,8,Alfons2357,White,h4,71
583,8,Luke123113,Black,Kf7,72
584,8,Alfons2357,White,Kd4,73
585,8,Luke123113,Black,Ke6,74
586,8,Alfons2357,White,Kc5,75
587,8,Luke123113,Black,c6,76
588,8,Alfons2357,White,Kxc6,77
589,8,Luke123113,Black,Bf3+,78
590,8,Alfons2357,White,Kc5,79
591,8,Luke123113,Black,Kf6,80
592,8,Alfons2357,White,Kd4,81
593,8,Luke123113,Black,g5,82
594,8,Alfons2357,White,hxg5+,83
595,8,Luke123113,Black,Kg6,84
596,8,Alfons2357,White,Ke3,85
597,8,Luke123113,Black,Bg4,86
598,8,Alfons2357,White,Kf2,87
599,8,Luke123113,Black,h4,88
600,8,Alfons2357,White,Kg2,89
601,8,Luke123113,Black,h3+,90
602,8,Alfons2357,White,Kh2,91
603,8,Luke123113,Black,Kh5,92
604,8,Alfons2357,White,Kg3,93
605,8,Luke123113,Black,Kg6,94
606,8,Alfons2357,White,Kh2,95
607,8,Luke123113,Black,Kf7,96
608,8,Alfons2357,White,Kg3,97
609,8,Luke123113,Black,Ke6,98
610,8,Alfons2357,White,Kh2,99
611,8,Luke123113,Black,Kd5,100
612,8,Alfons2357,White,Kg3,101
613,8,Luke123113,Black,Ke4,102
614,8,Alfons2357,White,g6,103
615,8,Luke123113,Black,Bh5,104
616,8,Alfons2357,White,g7,105
617,8,Luke123113,Black,Bf7,106
618,8,Alfons2357,White,Kxh3,107
619,8,Luke123113,Black,Kxf4,108
620,8,Alfons2357,White,Kg2,109
621,8,Luke123113,Black,Kg5,110
622,8,Alfons2357,White,Kg3,111
623,8,Luke123113,Black,Kg6,112
624,8,Alfons2357,White,Kf4,113
625,8,Luke123113,Black,Kf6,114
626,8,Alfons2357,White,Kf3,115
627,8,Luke123113,Black,Kxg7,116
628,8,Alfons2357,White,Kf4,117
629,8,Luke123113,Black,Kf6,118
630,8,Alfons2357,White,Kf3,119
631,8,Luke123113,Black,Ke5,120
632,8,Alfons2357,White,Kf2,121
633,8,Luke123113,Black,Ke4,122
634,8,Alfons2357,White,Ke2,123
635,8,Luke123113,Black,f4,124
636,8,Alfons2357,White,Kf2,125
637,8,Luke123113,Black,Bh5,126
638,8,Alfons2357,White,Kf1,127
639,8,Luke123113,Black,Ke3,128
640,8,Alfons2357,White,Ke1,129
641,8,Luke123113,Black,Bg4,130
642,8,Alfons2357,White,Kf1,131
643,8,Luke123113,Black,Bh3+,132
644,8,Alfons2357,White,Kg1,133
645,8,Luke123113,Black,Ke2,134
646,8,Alfons2357,White,Kh2,135
647,8,Luke123113,Black,f3,136
648,8,Alfons2357,White,Kxh3,137
649,8,Luke123113,Black,f2,138
650,8,Alfons2357,White,Kg3,139
651,8,Luke123113,Black,f1=Q,140
652,8,Alfons2357,White,Kg4,141
653,8,Luke123113,Black,Ke3,142
654,8,Alfons2357,White,Kg5,143
655,8,Luke123113,Black,Qb5+,144
656,8,Alfons2357,White,Kg6,145
657,8,Luke123113,Black,Ke4,146
658,8,Alfons2357,White,Kf6,147
659,8,Luke123113,Black,Kf4,148
660,8,Alfons2357,White,Ke6,149
661,8,Luke123113,Black,Ke4,150
662,8,Alfons2357,White,Kd6,151
663,8,Luke123113,Black,Kd4,152
664,8,Alfons2357,White,Ke6,153
665,8,Luke123113,Black,Qh5,154
666,8,Alfons2357,White,Kf6,155
667,8,Luke123113,Black,Ke4,156
668,8,Alfons2357,White,Ke6,157
669,8,Luke123113,Black,Qh6+,158
670,8,Alfons2357,White,Kd7,159
671,8,Luke123113,Black,Kd5,160
672,8,Alfons2357,White,Kc7,161
673,8,Luke123113,Black,Qa6,162
674,8,Alfons2357,White,Kd7,163
675,8,Luke123113,Black,Qa7+,164
676,8,Alfons2357,White,Ke8,165
677,8,Luke123113,Black,Kd6,166
678,8,Alfons2357,White,Kf8,167
679,8,Luke123113,Black,Ke6,168
680,8,Alfons2357,White,Kg8,169
681,8,Luke123113,Black,Kf6,170
682,8,Alfons2357,White,Kf8,171
683,8,Luke123113,Black,Qa8#,172
684,9,Alfons2357,White,e4,1
685,9,Wildur,Black,e5,2
686,9,Alfons2357,White,Nc3,3
687,9,Wildur,Black,Nf6,4
688,9,Alfons2357,White,Bc4,5
689,9,Wildur,Black,d6,6
690,9,Alfons2357,White,d3,7
691,9,Wildur,Black,Nc6,8
692,9,Alfons2357,White,Nf3,9
693,9,Wildur,Black,Bg4,10
694,9,Alfons2357,White,Be3,11
695,9,Wildur,Black,Be7,12
696,9,Alfons2357,White,Qd2,13
697,9,Wildur,Black,Qd7,14
698,9,Alfons2357,White,d4,15
699,9,Wildur,Black,exd4,16
700,9,Alfons2357,White,Bxd4,17
701,9,Wildur,Black,Nxd4,18
702,9,Alfons2357,White,Nxd4,19
703,9,Wildur,Black,Bh5,20
704,9,Alfons2357,White,Nde2,21
705,9,Wildur,Black,O-O-O,22
706,9,Alfons2357,White,O-O,23
707,9,Wildur,Black,Ng4,24
708,9,Alfons2357,White,Nd5,25
709,9,Wildur,Black,Kb8,26
710,9,Alfons2357,White,Nxe7,27
711,9,Wildur,Black,Qxe7,28
712,9,Alfons2357,White,Bd5,29
713,9,Wildur,Black,f5,30
714,9,Alfons2357,White,Qb4,31
715,9,Wildur,Black,b6,32
716,9,Alfons2357,White,Nf4,33
717,9,Wildur,Black,fxe4,34
718,9,Alfons2357,White,Nxh5,35
719,9,Wildur,Black,Qh4,36
720,9,Alfons2357,White,h3,37
721,9,Wildur,Black,Qxh5,38
722,9,Alfons2357,White,Qxe4,39
723,9,Wildur,Black,Nf6,40
724,9,Alfons2357,White,Qc4,41
725,9,Wildur,Black,Nxd5,42
726,9,Alfons2357,White,Rfe1,43
727,9,Wildur,Black,Rde8,44
728,9,Alfons2357,White,Re2,45
729,9,Wildur,Black,Rxe2,46
730,9,Alfons2357,White,Qxe2,47
731,9,Wildur,Black,Qxe2,48
732,9,Alfons2357,White,Kh2,49
733,10,Drewbdew12,White,c4,1
734,10,Alfons2357,Black,d5,2
735,10,Drewbdew12,White,c5,3
736,10,Alfons2357,Black,e5,4
737,10,Drewbdew12,White,g3,5
738,10,Alfons2357,Black,Bxc5,6
739,10,Drewbdew12,White,Bg2,7
740,10,Alfons2357,Black,Nf6,8
741,10,Drewbdew12,White,e3,9
742,10,Alfons2357,Black,Nc6,10
743,10,Drewbdew12,White,Ne2,11
744,10,Alfons2357,Black,e4,12
745,10,Drewbdew12,White,d3,13
746,10,Alfons2357,Black,Bg4,14
747,10,Drewbdew12,White,d4,15
748,10,Alfons2357,Black,Bd6,16
749,10,Drewbdew12,White,O-O,17
750,10,Alfons2357,Black,Bf3,18
751,10,Drewbdew12,White,Nbc3,19
752,10,Alfons2357,Black,Qd7,20
753,10,Drewbdew12,White,a3,21
754,10,Alfons2357,Black,Qe6,22
755,10,Drewbdew12,White,b4,23
756,10,Alfons2357,Black,a6,24
757,10,Drewbdew12,White,Bxf3,25
758,10,Alfons2357,Black,exf3,26
759,10,Drewbdew12,White,Nf4,27
760,10,Alfons2357,Black,Bxf4,28
761,10,Drewbdew12,White,exf4,29
762,10,Alfons2357,Black,Qh3,30
763,10,Drewbdew12,White,Qxf3,31
764,10,Alfons2357,Black,Nxd4,32
765,10,Drewbdew12,White,Qe3+,33
766,10,Alfons2357,Black,Kd7,34
767,10,Drewbdew12,White,Qxd4,35
768,10,Alfons2357,Black,c6,36
769,10,Drewbdew12,White,Bb2,37
770,10,Alfons2357,Black,Ng4,38
771,10,Drewbdew12,White,Rfe1,39
772,10,Alfons2357,Black,Qxh2+,40
773,10,Drewbdew12,White,Kf1,41
774,10,Alfons2357,Black,Rhe8,42
775,10,Drewbdew12,White,Rxe8,43
776,10,Alfons2357,Black,Rxe8,44
777,10,Drewbdew12,White,Re1,45
778,10,Alfons2357,Black,Qh1#,46
779,11,jawadm1994,White,e4,1
780,11,Alfons2357,Black,c6,2
781,11,jawadm1994,White,Nf3,3
782,11,Alfons2357,Black,d5,4
783,11,jawadm1994,White,exd5,5
784,11,Alfons2357,Black,cxd5,6
785,11,jawadm1994,White,Nc3,7
786,11,Alfons2357,Black,Nc6,8
787,11,jawadm1994,White,d4,9
788,11,Alfons2357,Black,Qb6,10
789,11,jawadm1994,White,Nxd5,11
790,11,Alfons2357,Black,Qa5+,12
791,11,jawadm1994,White,Bd2,13
792,11,Alfons2357,Black,Qxd5,14
793,11,jawadm1994,White,c4,15
794,11,Alfons2357,Black,Qe4+,16
795,11,jawadm1994,White,Be2,17
796,11,Alfons2357,Black,Nxd4,18
797,11,jawadm1994,White,Nxd4,19
798,11,Alfons2357,Black,Qxg2,20
799,11,jawadm1994,White,Rf1,21
800,11,Alfons2357,Black,Qxh2,22
801,11,jawadm1994,White,Qa4+,23
802,11,Alfons2357,Black,Bd7,24
803,11,jawadm1994,White,Qb4,25
804,11,Alfons2357,Black,Bc6,26
805,11,jawadm1994,White,Nxc6,27
806,11,Alfons2357,Black,bxc6,28
807,11,jawadm1994,White,Bf3,29
808,11,Alfons2357,Black,Qe5+,30
809,11,jawadm1994,White,Be3,31
810,11,Alfons2357,Black,e6,32
811,11,jawadm1994,White,Bxc6+,33
812,11,Alfons2357,Black,Kd8,34
813,11,jawadm1994,White,Bxa8,35
814,11,Alfons2357,Black,Bxb4+,36
815,11,jawadm1994,White,Ke2,37
816,11,Alfons2357,Black,Qxb2+,38
817,11,jawadm1994,White,Bd2,39
818,11,Alfons2357,Black,Qxd2+,40
819,11,jawadm1994,White,Kf3,41
820,11,Alfons2357,Black,Nf6,42
821,11,jawadm1994,White,Rfd1,43
822,11,Alfons2357,Black,Qxd1+,44
823,11,jawadm1994,White,Rxd1+,45
824,11,Alfons2357,Black,Ke7,46
825,11,jawadm1994,White,Bb7,47
826,11,Alfons2357,Black,h5,48
827,11,jawadm1994,White,a4,49
828,11,Alfons2357,Black,g5,50
829,11,jawadm1994,White,Rb1,51
830,11,Alfons2357,Black,Bd2,52
831,11,jawadm1994,White,c5,53
832,11,Alfons2357,Black,h4,54
833,11,jawadm1994,White,c6,55
834,11,Alfons2357,Black,Ba5,56
835,11,jawadm1994,White,Rc1,57
836,11,Alfons2357,Black,Bc7,58
837,11,jawadm1994,White,a5,59
838,11,Alfons2357,Black,e5,60
839,11,jawadm1994,White,a6,61
840,11,Alfons2357,Black,g4+,62
841,11,jawadm1994,White,Kg2,63
842,11,Alfons2357,Black,Ke6,64
843,11,jawadm1994,White,Bc8+,65
844,11,Alfons2357,Black,Rxc8,66
845,11,jawadm1994,White,f3,67
846,11,Alfons2357,Black,gxf3+,68
847,11,jawadm1994,White,Kxf3,69
848,11,Alfons2357,Black,Rg8,70
849,11,jawadm1994,White,Rh1,71
850,11,Alfons2357,Black,Rg4,72
851,11,jawadm1994,White,Rc1,73
852,11,Alfons2357,Black,e4+,74
853,12,Alfons2357,White,e4,1
854,12,japlin007,Black,e5,2
855,12,Alfons2357,White,Nf3,3
856,12,japlin007,Black,Nc6,4
857,12,Alfons2357,White,Bc4,5
858,12,japlin007,Black,Bc5,6
859,12,Alfons2357,White,O-O,7
860,12,japlin007,Black,Nf6,8
861,12,Alfons2357,White,d3,9
862,12,japlin007,Black,O-O,10
863,12,Alfons2357,White,Re1,11
864,12,japlin007,Black,d6,12
865,12,Alfons2357,White,Be3,13
866,12,japlin007,Black,Bxe3,14
867,12,Alfons2357,White,Rxe3,15
868,12,japlin007,Black,Ng4,16
869,12,Alfons2357,White,Re2,17
870,12,japlin007,Black,Nd4,18
871,12,Alfons2357,White,Nxd4,19
872,12,japlin007,Black,exd4,20
873,12,Alfons2357,White,h3,21
874,12,japlin007,Black,Ne5,22
875,12,Alfons2357,White,Nd2,23
876,12,japlin007,Black,Nxc4,24
877,12,Alfons2357,White,Nxc4,25
878,12,japlin007,Black,Qg5,26
879,12,Alfons2357,White,Qd2,27
880,12,japlin007,Black,Qg6,28
881,12,Alfons2357,White,Rae1,29
882,12,japlin007,Black,Bxh3,30
883,12,Alfons2357,White,f4,31
884,12,japlin007,Black,b5,32
885,12,Alfons2357,White,Na5,33
886,12,japlin007,Black,Bg4,34
887,12,Alfons2357,White,f5,35
888,12,japlin007,Black,Qh5,36
889,12,Alfons2357,White,Rf2,37
890,12,japlin007,Black,Qh4,38
891,12,Alfons2357,White,c4,39
892,12,japlin007,Black,dxc3,40
893,12,Alfons2357,White,Qxc3,41
894,12,japlin007,Black,Qg3,42
895,12,Alfons2357,White,Qxc7,43
896,12,japlin007,Black,Qxd3,44
897,12,Alfons2357,White,Qc6,45
898,13,began2lve,White,e4,1
899,13,Alfons2357,Black,c6,2
900,13,began2lve,White,d4,3
901,13,Alfons2357,Black,d5,4
902,13,began2lve,White,e5,5
903,13,Alfons2357,Black,Bf5,6
904,13,began2lve,White,Bd3,7
905,13,Alfons2357,Black,Bxd3,8
906,13,began2lve,White,Qxd3,9
907,13,Alfons2357,Black,Nd7,10
908,13,began2lve,White,Nf3,11
909,13,Alfons2357,Black,e6,12
910,13,began2lve,White,Bg5,13
911,13,Alfons2357,Black,Qc7,14
912,13,began2lve,White,O-O,15
913,13,Alfons2357,Black,Be7,16
914,13,began2lve,White,Qe3,17
915,13,Alfons2357,Black,Bxg5,18
916,13,began2lve,White,Nxg5,19
917,13,Alfons2357,Black,Nb6,20
918,13,began2lve,White,Qf4,21
919,13,Alfons2357,Black,Nc4,22
920,13,began2lve,White,Nd2,23
921,13,Alfons2357,Black,Nxb2,24
922,13,began2lve,White,Rab1,25
923,13,Alfons2357,Black,Nc4,26
924,13,began2lve,White,Nxc4,27
925,13,Alfons2357,Black,dxc4,28
926,13,began2lve,White,c3,29
927,13,Alfons2357,Black,f6,30
928,13,began2lve,White,exf6,31
929,13,Alfons2357,Black,Qxf4,32
930,13,began2lve,White,Nxe6,33
931,13,Alfons2357,Black,Nxf6,34
932,13,began2lve,White,Nxf4,35
933,13,Alfons2357,Black,O-O-O,36
934,13,began2lve,White,a4,37
935,13,Alfons2357,Black,Rhe8,38
936,13,began2lve,White,Rb4,39
937,13,Alfons2357,Black,Nd5,40
938,13,began2lve,White,Nxd5,41
939,13,Alfons2357,Black,cxd5,42
940,13,began2lve,White,Rfb1,43
941,13,Alfons2357,Black,Re7,44
942,13,began2lve,White,Rb5,45
943,13,Alfons2357,Black,Rde8,46
944,13,began2lve,White,Rc5+,47
945,13,Alfons2357,Black,Kb8,48
946,13,began2lve,White,g3,49
947,13,Alfons2357,Black,Re2,50
948,13,began2lve,White,Kf1,51
949,13,Alfons2357,Black,Rc2,52
950,13,began2lve,White,Rcb5,53
951,13,Alfons2357,Black,Rxc3,54
952,13,began2lve,White,Rxb7+,55
953,13,Alfons2357,Black,Ka8,56
954,13,began2lve,White,Rxg7,57
955,13,Alfons2357,Black,Ra3,58
956,13,began2lve,White,Rb4,59
957,13,Alfons2357,Black,a5,60
958,13,began2lve,White,Rb5,61
959,13,Alfons2357,Black,Rxa4,62
960,13,began2lve,White,Rbb7,63
961,13,Alfons2357,Black,Rb4,64
962,13,began2lve,White,Ra7+,65
963,13,Alfons2357,Black,Kb8,66
964,13,began2lve,White,Rxa5,67
965,13,Alfons2357,Black,c3,68
966,13,began2lve,White,Rxd5,69
967,13,Alfons2357,Black,c2,70
968,13,began2lve,White,Rc5,71
969,13,Alfons2357,Black,Rb1+,72
970,13,began2lve,White,Kg2,73
971,13,Alfons2357,Black,c1=Q,74
972,13,began2lve,White,Ra5,75
973,13,Alfons2357,Black,Ra1,76
974,13,began2lve,White,Rb5+,77
975,13,Alfons2357,Black,Ka8,78
976,13,began2lve,White,d5,79
977,13,Alfons2357,Black,Qc4,80
978,13,began2lve,White,Rgb7,81
979,13,Alfons2357,Black,Qe4+,82
980,13,began2lve,White,Kh3,83
981,13,Alfons2357,Black,h5,84
982,13,began2lve,White,d6,85
983,13,Alfons2357,Black,Qg4+,86
984,13,began2lve,White,Kg2,87
985,13,Alfons2357,Black,Qe4+,88
986,13,began2lve,White,Kh3,89
987,13,Alfons2357,Black,Qxb7,90
988,13,began2lve,White,Rc5,91
989,13,Alfons2357,Black,Qd7+,92
990,13,began2lve,White,Kg2,93
991,13,Alfons2357,Black,Ree1,94
992,13,began2lve,White,Rd5,95
993,13,Alfons2357,Black,Qb7,96
994,14,bigtits27,White,e4,1
995,14,Alfons2357,Black,c6,2
996,14,bigtits27,White,Bc4,3
997,14,Alfons2357,Black,d5,4
998,14,bigtits27,White,Bb3,5
999,14,Alfons2357,Black,e5,6
1000,14,bigtits27,White,d3,7
1001,14,Alfons2357,Black,dxe4,8
1002,14,bigtits27,White,Qh5,9
1003,14,Alfons2357,Black,g6,10
1004,14,bigtits27,White,Qxe5+,11
1005,14,Alfons2357,Black,Qe7,12
1006,14,bigtits27,White,Qxh8,13
1007,14,Alfons2357,Black,exd3+,14
1008,14,bigtits27,White,Be3,15
1009,14,Alfons2357,Black,dxc2,16
1010,14,bigtits27,White,Bxc2,17
1011,14,Alfons2357,Black,Nf6,18
1012,14,bigtits27,White,Nf3,19
1013,14,Alfons2357,Black,Qb4+,20
1014,14,bigtits27,White,Nbd2,21
1015,14,Alfons2357,Black,Qxb2,22
1016,14,bigtits27,White,O-O,23
1017,14,Alfons2357,Black,Nbd7,24
1018,14,bigtits27,White,Bd4,25
1019,14,Alfons2357,Black,Qxc2,26
1020,14,bigtits27,White,Bxf6,27
1021,14,Alfons2357,Black,Nxf6,28
1022,14,bigtits27,White,Qxf6,29
1023,14,Alfons2357,Black,Be6,30
1024,14,bigtits27,White,Rfc1,31
1025,14,Alfons2357,Black,Qf5,32
1026,14,bigtits27,White,Qb2,33
1027,14,Alfons2357,Black,O-O-O,34
1028,14,bigtits27,White,Rab1,35
1029,14,Alfons2357,Black,Rd7,36
1030,14,bigtits27,White,Nd4,37
1031,14,Alfons2357,Black,Rxd4,38
1032,14,bigtits27,White,Qxd4,39
1033,14,Alfons2357,Black,Bd7,40
1034,14,bigtits27,White,g4,41
1035,14,Alfons2357,Black,Qe6,42
1036,14,bigtits27,White,f3,43
1037,14,Alfons2357,Black,Bh6,44
1038,14,bigtits27,White,Qxa7,45
1039,14,Alfons2357,Black,Be3+,46
1040,14,bigtits27,White,Kg2,47
1041,14,Alfons2357,Black,Bxa7,48
1042,15,Alfons2357,White,e4,1
1043,15,MustafaCanKaplan,Black,c5,2
1044,15,Alfons2357,White,Nf3,3
1045,15,MustafaCanKaplan,Black,d6,4
1046,15,Alfons2357,White,Bc4,5
1047,15,MustafaCanKaplan,Black,Nd7,6
1048,15,Alfons2357,White,d4,7
1049,15,MustafaCanKaplan,Black,Ngf6,8
1050,15,Alfons2357,White,Ng5,9
1051,15,MustafaCanKaplan,Black,e6,10
1052,15,Alfons2357,White,f4,11
1053,15,MustafaCanKaplan,Black,h6,12
1054,15,Alfons2357,White,Nxf7,13
1055,15,MustafaCanKaplan,Black,Kxf7,14
1056,15,Alfons2357,White,e5,15
1057,15,MustafaCanKaplan,Black,Ne4,16
1058,15,Alfons2357,White,d5,17
1059,15,MustafaCanKaplan,Black,Qh4+,18
1060,15,Alfons2357,White,g3,19
1061,15,MustafaCanKaplan,Black,Qh3,20
1062,15,Alfons2357,White,dxe6+,21
1063,15,MustafaCanKaplan,Black,Ke7,22
1064,15,Alfons2357,White,exd7,23
1065,15,MustafaCanKaplan,Black,Qg2,24
1066,15,Alfons2357,White,dxc8=Q,25
1067,15,MustafaCanKaplan,Black,Qf2#,26
1068,16,Alfons2357,White,e4,1
1069,16,w_robb15,Black,e5,2
1070,16,Alfons2357,White,Nf3,3
1071,16,w_robb15,Black,Nc6,4
1072,16,Alfons2357,White,Bc4,5
1073,16,w_robb15,Black,Bc5,6
1074,16,Alfons2357,White,O-O,7
1075,16,w_robb15,Black,Nf6,8
1076,16,Alfons2357,White,d3,9
1077,16,w_robb15,Black,O-O,10
1078,16,Alfons2357,White,Re1,11
1079,16,w_robb15,Black,d6,12
1080,16,Alfons2357,White,Be3,13
1081,16,w_robb15,Black,Bxe3,14
1082,16,Alfons2357,White,Rxe3,15
1083,16,w_robb15,Black,Bg4,16
1084,16,Alfons2357,White,Nbd2,17
1085,16,w_robb15,Black,Qd7,18
1086,16,Alfons2357,White,Qe1,19
1087,16,w_robb15,Black,h6,20
1088,16,Alfons2357,White,c3,21
1089,16,w_robb15,Black,Rfe8,22
1090,16,Alfons2357,White,h3,23
1091,16,w_robb15,Black,Be6,24
1092,16,Alfons2357,White,Bxe6,25
1093,16,w_robb15,Black,Qxe6,26
1094,16,Alfons2357,White,d4,27
1095,16,w_robb15,Black,exd4,28
1096,16,Alfons2357,White,Nxd4,29
1097,16,w_robb15,Black,Nxd4,30
1098,16,Alfons2357,White,cxd4,31
1099,16,w_robb15,Black,b6,32
1100,16,Alfons2357,White,a4,33
1101,16,w_robb15,Black,c5,34
1102,16,Alfons2357,White,e5,35
1103,16,w_robb15,Black,Nd5,36
1104,16,Alfons2357,White,Re4,37
1105,16,w_robb15,Black,f5,38
1106,16,Alfons2357,White,Re3,39
1107,16,w_robb15,Black,Nxe3,40
1108,16,Alfons2357,White,Qxe3,41
1109,16,w_robb15,Black,cxd4,42
1110,16,Alfons2357,White,Qxd4,43
1111,16,w_robb15,Black,Rad8,44
1112,16,Alfons2357,White,Re1,45
1113,16,w_robb15,Black,dxe5,46
1114,16,Alfons2357,White,Rxe5,47
1115,16,w_robb15,Black,Rxd4,48
1116,16,Alfons2357,White,Rxe6,49
1117,16,w_robb15,Black,Rxe6,50
1118,16,Alfons2357,White,Nf3,51
1119,16,w_robb15,Black,Rd1+,52
1120,16,Alfons2357,White,Kh2,53
1121,16,w_robb15,Black,g5,54
1122,16,Alfons2357,White,g3,55
1123,16,w_robb15,Black,Re2,56
1124,16,Alfons2357,White,Kg2,57
1125,16,w_robb15,Black,Rxb2,58
1126,16,Alfons2357,White,Ne5,59
1127,16,w_robb15,Black,Rdd2,60
1128,16,Alfons2357,White,Nd3,61
1129,17,Alfons2357,White,e4,1
1130,17,piscat0re,Black,e5,2
1131,17,Alfons2357,White,Nf3,3
1132,17,piscat0re,Black,Nc6,4
1133,17,Alfons2357,White,Bc4,5
1134,17,piscat0re,Black,Nf6,6
1135,17,Alfons2357,White,d3,7
1136,17,piscat0re,Black,Bc5,8
1137,17,Alfons2357,White,O-O,9
1138,17,piscat0re,Black,O-O,10
1139,17,Alfons2357,White,Re1,11
1140,17,piscat0re,Black,d6,12
1141,17,Alfons2357,White,Be3,13
1142,17,piscat0re,Black,Bxe3,14
1143,17,Alfons2357,White,Rxe3,15
1144,17,piscat0re,Black,Qe8,16
1145,17,Alfons2357,White,h3,17
1146,17,piscat0re,Black,Be6,18
1147,17,Alfons2357,White,Na3,19
1148,17,piscat0re,Black,h6,20
1149,17,Alfons2357,White,Bxe6,21
1150,17,piscat0re,Black,Qxe6,22
1151,17,Alfons2357,White,Qd2,23
1152,17,piscat0re,Black,g5,24
1153,17,Alfons2357,White,Rae1,25
1154,17,piscat0re,Black,d5,26
1155,17,Alfons2357,White,exd5,27
1156,17,piscat0re,Black,Qxd5,28
1157,17,Alfons2357,White,c4,29
1158,17,piscat0re,Black,Qe6,30
1159,17,Alfons2357,White,Nxe5,31
1160,17,piscat0re,Black,Nxe5,32
1161,17,Alfons2357,White,Rxe5,33
1162,17,piscat0re,Black,Qb6,34
1163,17,Alfons2357,White,h4,35
1164,17,piscat0re,Black,Nd7,36
1165,17,Alfons2357,White,c5,37
1166,17,piscat0re,Black,Qc6,38
1167,17,Alfons2357,White,hxg5,39
1168,17,piscat0re,Black,h5,40
1169,17,Alfons2357,White,Rf5,41
1170,17,piscat0re,Black,h4,42
1171,17,Alfons2357,White,Re3,43
1172,17,piscat0re,Black,Qg6,44
1173,17,Alfons2357,White,g4,45
1174,17,piscat0re,Black,hxg3,46
1175,17,Alfons2357,White,Rxg3,47
1176,17,piscat0re,Black,Qxf5,48
1177,17,Alfons2357,White,Nc4,49
1178,17,piscat0re,Black,Kg7,50
1179,17,Alfons2357,White,Qc3+,51
1180,17,piscat0re,Black,Kg6,52
1181,17,Alfons2357,White,b4,53
1182,17,piscat0re,Black,Rae8,54
1183,17,Alfons2357,White,Kg2,55
1184,17,piscat0re,Black,Rh8,56
1185,17,Alfons2357,White,d4,57
1186,17,piscat0re,Black,Qd5+,58
1187,17,Alfons2357,White,Rf3,59
1188,17,piscat0re,Black,Qxg5+,60
1189,17,Alfons2357,White,Rg3,61
1190,17,piscat0re,Black,Rh2+,62
1191,17,Alfons2357,White,Kxh2,63
1192,17,piscat0re,Black,Rh8+,64
1193,17,Alfons2357,White,Kg2,65
1194,17,piscat0re,Black,Qxg3+,66
1195,17,Alfons2357,White,Qxg3+,67
1196,17,piscat0re,Black,Kf6,68
1197,17,Alfons2357,White,Qxc7,69
1198,17,piscat0re,Black,Ke7,70
1199,17,Alfons2357,White,Qxb7,71
1200,17,piscat0re,Black,Rg8+,72
1201,17,Alfons2357,White,Kf3,73
1202,17,piscat0re,Black,Rb8,74
1203,17,Alfons2357,White,Qe4+,75
1204,17,piscat0re,Black,Kd8,76
1205,17,Alfons2357,White,Qh4+,77
1206,17,piscat0re,Black,Kc8,78
1207,17,Alfons2357,White,a3,79
1208,17,piscat0re,Black,f6,80
1209,17,Alfons2357,White,c6,81
1210,17,piscat0re,Black,Nf8,82
1211,17,Alfons2357,White,Qh8,83
1212,17,piscat0re,Black,Kc7,84
1213,17,Alfons2357,White,Qxf6,85
1214,17,piscat0re,Black,Nh7,86
1215,17,Alfons2357,White,Qg7+,87
1216,17,piscat0re,Black,Kxc6,88
1217,17,Alfons2357,White,Qxh7,89
1218,17,piscat0re,Black,Rf8+,90
1219,17,Alfons2357,White,Ke3,91
1220,17,piscat0re,Black,Re8+,92
1221,17,Alfons2357,White,Ne5+,93
1222,17,piscat0re,Black,Kd5,94
1223,17,Alfons2357,White,Qd7#,95
1224,18,GuidoDi,White,e4,1
1225,18,Alfons2357,Black,c6,2
1226,18,GuidoDi,White,d4,3
1227,18,Alfons2357,Black,d5,4
1228,18,GuidoDi,White,e5,5
1229,18,Alfons2357,Black,Bf5,6
1230,18,GuidoDi,White,Nf3,7
1231,18,Alfons2357,Black,e6,8
1232,18,GuidoDi,White,c3,9
1233,18,Alfons2357,Black,Ne7,10
1234,18,GuidoDi,White,Nbd2,11
1235,18,Alfons2357,Black,Qc7,12
1236,18,GuidoDi,White,Be2,13
1237,18,Alfons2357,Black,a6,14
1238,18,GuidoDi,White,O-O,15
1239,18,Alfons2357,Black,c5,16
1240,18,GuidoDi,White,Nb3,17
1241,18,Alfons2357,Black,Nec6,18
1242,18,GuidoDi,White,Nxc5,19
1243,18,Alfons2357,Black,Bxc5,20
1244,18,GuidoDi,White,dxc5,21
1245,18,Alfons2357,Black,Nd7,22
1246,18,GuidoDi,White,Be3,23
1247,18,Alfons2357,Black,O-O,24
1248,18,GuidoDi,White,b4,25
1249,18,Alfons2357,Black,b6,26
1250,18,GuidoDi,White,cxb6,27
1251,18,Alfons2357,Black,Nxb6,28
1252,18,GuidoDi,White,Bxb6,29
1253,18,Alfons2357,Black,Qxb6,30
1254,18,GuidoDi,White,a3,31
1255,18,Alfons2357,Black,a5,32
1256,18,GuidoDi,White,Rb1,33
1257,18,Alfons2357,Black,Rfc8,34
1258,18,GuidoDi,White,bxa5,35
1259,18,Alfons2357,Black,Qxa5,36
1260,18,GuidoDi,White,Bb5,37
1261,18,Alfons2357,Black,Bxb1,38
1262,18,GuidoDi,White,Qxb1,39
1263,18,Alfons2357,Black,Qxc3,40
1264,18,GuidoDi,White,Ng5,41
1265,18,Alfons2357,Black,Nd4,42
1266,18,GuidoDi,White,Bd7,43
1267,18,Alfons2357,Black,Ne2+,44
1268,18,GuidoDi,White,Kh1,45
1269,18,Alfons2357,Black,f5,46
1270,18,GuidoDi,White,Bxe6+,47
1271,18,Alfons2357,Black,Kh8,48
1272,18,GuidoDi,White,Bxc8,49
1273,18,Alfons2357,Black,Rxc8,50
1274,18,GuidoDi,White,Nf7+,51
1275,18,Alfons2357,Black,Kg8,52
1276,18,GuidoDi,White,Nd6,53
1277,18,Alfons2357,Black,Qc2,54
1278,18,GuidoDi,White,Nxc8,55
1279,18,Alfons2357,Black,Qxc8,56
1280,18,GuidoDi,White,Re1,57
1281,18,Alfons2357,Black,Nc3,58
1282,18,GuidoDi,White,Qc1,59
1283,18,Alfons2357,Black,d4,60
1284,18,GuidoDi,White,e6,61
1285,18,Alfons2357,Black,Kf8,62
1286,18,GuidoDi,White,e7+,63
1287,18,Alfons2357,Black,Ke8,64
1288,18,GuidoDi,White,h3,65
1289,18,Alfons2357,Black,Qa8,66
1290,18,GuidoDi,White,Qd2,67
1291,18,Alfons2357,Black,Qa4,68
1292,18,GuidoDi,White,Qb2,69
1293,18,Alfons2357,Black,Qa7,70
1294,18,GuidoDi,White,Qb4,71
1295,18,Alfons2357,Black,Nd5,72
1296,18,GuidoDi,White,Qb5+,73
1297,18,Alfons2357,Black,Qd7,74
1298,18,GuidoDi,White,Qxd7+,75
1299,18,Alfons2357,Black,Kxd7,76
1300,18,GuidoDi,White,e8=Q+,77
1301,18,Alfons2357,Black,Kc7,78
1302,18,GuidoDi,White,Qe7+,79
1303,18,Alfons2357,Black,Nxe7,80
1304,18,GuidoDi,White,Rxe7+,81
1305,18,Alfons2357,Black,Kd6,82
1306,18,GuidoDi,White,Rxg7,83
1307,18,Alfons2357,Black,Kd5,84
1308,18,GuidoDi,White,Rxh7,85
1309,18,Alfons2357,Black,d3,86
1310,18,GuidoDi,White,Rd7+,87
1311,18,Alfons2357,Black,Kc4,88
1312,18,GuidoDi,White,Rxd3,89
1313,18,Alfons2357,Black,Kxd3,90
1314,18,GuidoDi,White,a4,91
1315,18,Alfons2357,Black,Kc4,92
1316,18,GuidoDi,White,a5,93
1317,18,Alfons2357,Black,Kb5,94
1318,18,GuidoDi,White,h4,95
1319,18,Alfons2357,Black,Kxa5,96
1320,18,GuidoDi,White,h5,97
1321,18,Alfons2357,Black,Kb6,98
1322,18,GuidoDi,White,h6,99
1323,18,Alfons2357,Black,Kc7,100
1324,18,GuidoDi,White,h7,101
1325,18,Alfons2357,Black,Kd8,102
1326,18,GuidoDi,White,h8=Q+,103
1327,18,Alfons2357,Black,Ke7,104
1328,18,GuidoDi,White,Qh7+,105
1329,18,Alfons2357,Black,Kf6,106
1330,18,GuidoDi,White,Qh6+,107
1331,18,Alfons2357,Black,Ke5,108
1332,18,GuidoDi,White,g3,109
1333,18,Alfons2357,Black,f4,110
1334,18,GuidoDi,White,gxf4+,111
1335,18,Alfons2357,Black,Ke4,112
1336,18,GuidoDi,White,Qh4,113
1337,18,Alfons2357,Black,Kf3,114
1338,18,GuidoDi,White,f5,115
1339,18,Alfons2357,Black,Ke2,116
1340,18,GuidoDi,White,f6,117
1341,18,Alfons2357,Black,Kd2,118
1342,18,GuidoDi,White,f7,119
1343,18,Alfons2357,Black,Kc2,120
1344,18,GuidoDi,White,f8=Q,121
1345,18,Alfons2357,Black,Kb2,122
1346,18,GuidoDi,White,Qhd8,123
1347,18,Alfons2357,Black,Kc2,124
1348,18,GuidoDi,White,Qfe7,125
1349,18,Alfons2357,Black,Kb2,126
1350,18,GuidoDi,White,Qec7,127
1351,19,Alfons2357,White,e4,1
1352,19,plemercier,Black,Nf6,2
1353,19,Alfons2357,White,Nf3,3
1354,19,plemercier,Black,Nxe4,4
1355,19,Alfons2357,White,Bc4,5
1356,19,plemercier,Black,e6,6
1357,19,Alfons2357,White,Nc3,7
1358,19,plemercier,Black,Nxc3,8
1359,19,Alfons2357,White,bxc3,9
1360,19,plemercier,Black,d5,10
1361,19,Alfons2357,White,Bb3,11
1362,19,plemercier,Black,g6,12
1363,19,Alfons2357,White,d4,13
1364,19,plemercier,Black,Bg7,14
1365,19,Alfons2357,White,Ne5,15
1366,19,plemercier,Black,O-O,16
1367,19,Alfons2357,White,O-O,17
1368,19,plemercier,Black,Nc6,18
1369,19,Alfons2357,White,Nxc6,19
1370,19,plemercier,Black,bxc6,20
1371,19,Alfons2357,White,Ba3,21
1372,19,plemercier,Black,Re8,22
1373,19,Alfons2357,White,Re1,23
1374,19,plemercier,Black,Qg5,24
1375,19,Alfons2357,White,Re5,25
1376,19,plemercier,Black,Bxe5,26
1377,19,Alfons2357,White,dxe5,27
1378,19,plemercier,Black,Qxe5,28
1379,19,Alfons2357,White,Qe1,29
1380,19,plemercier,Black,Qxc3,30
1381,19,Alfons2357,White,Qxc3,31
1382,19,plemercier,Black,e5,32
1383,19,Alfons2357,White,Qf3,33
1384,19,plemercier,Black,e4,34
1385,19,Alfons2357,White,Qf6,35
1386,19,plemercier,Black,Re6,36
1387,19,Alfons2357,White,Qd8+,37
1388,19,plemercier,Black,Kg7,38
1389,19,Alfons2357,White,Bb2+,39
1390,19,plemercier,Black,f6,40
1391,19,Alfons2357,White,Qxc7+,41
1392,19,plemercier,Black,Kh6,42
1393,19,Alfons2357,White,Bc1+,43
1394,19,plemercier,Black,g5,44
1395,19,Alfons2357,White,h4,45
1396,19,plemercier,Black,Re5,46
1397,19,Alfons2357,White,hxg5+,47
1398,19,plemercier,Black,fxg5,48
1399,19,Alfons2357,White,Qxe5,49
1400,19,plemercier,Black,Ba6,50
1401,19,Alfons2357,White,Qxg5#,51
1402,20,Alfons2357,White,e4,1
1403,20,Tchbz,Black,e5,2
1404,20,Alfons2357,White,Nf3,3
1405,20,Tchbz,Black,Nc6,4
1406,20,Alfons2357,White,Bc4,5
1407,20,Tchbz,Black,f6,6
1408,20,Alfons2357,White,d3,7
1409,20,Tchbz,Black,Bb4+,8
1410,20,Alfons2357,White,c3,9
1411,20,Tchbz,Black,Bc5,10
1412,20,Alfons2357,White,O-O,11
1413,20,Tchbz,Black,Nge7,12
1414,20,Alfons2357,White,b4,13
1415,20,Tchbz,Black,Bb6,14
1416,20,Alfons2357,White,Ba3,15
1417,20,Tchbz,Black,a5,16
1418,20,Alfons2357,White,b5,17
1419,20,Tchbz,Black,Na7,18
1420,20,Alfons2357,White,Nbd2,19
1421,20,Tchbz,Black,c6,20
1422,20,Alfons2357,White,Qa4,21
1423,20,Tchbz,Black,d5,22
1424,20,Alfons2357,White,bxc6,23
1425,20,Tchbz,Black,bxc6,24
1426,20,Alfons2357,White,exd5,25
1427,20,Tchbz,Black,Nxd5,26
1428,20,Alfons2357,White,Bxd5,27
1429,20,Tchbz,Black,Qxd5,28
1430,20,Alfons2357,White,c4,29
1431,20,Tchbz,Black,Qxd3,30
1432,20,Alfons2357,White,Rad1,31
1433,20,Tchbz,Black,e4,32
1434,20,Alfons2357,White,Rfe1,33
1435,20,Tchbz,Black,Bxf2+,34
1436,20,Alfons2357,White,Kxf2,35
1437,20,Tchbz,Black,e3+,36
1438,20,Alfons2357,White,Rxe3+,37
1439,20,Tchbz,Black,Qxe3+,38
1440,20,Alfons2357,White,Kxe3,39
1441,20,Tchbz,Black,Kd7,40
1442,20,Alfons2357,White,Ne4+,41
1443,20,Tchbz,Black,Kc7,42
1444,20,Alfons2357,White,Bd6+,43
1445,20,Tchbz,Black,Kd7,44
1446,20,Alfons2357,White,Bc5+,45
1447,20,Tchbz,Black,Kc7,46
1448,20,Alfons2357,White,Qxa5+,47
1449,20,Tchbz,Black,Kb8,48
1450,20,Alfons2357,White,Qb6+,49
1451,20,Tchbz,Black,Bb7,50
1452,20,Alfons2357,White,Bd6+,51
1453,20,Tchbz,Black,Kc8,52
1454,20,Alfons2357,White,Qc7#,53
1455,21,pedro_verdadeiro,White,d4,1
1456,21,Alfons2357,Black,c6,2
1457,21,pedro_verdadeiro,White,e3,3
1458,21,Alfons2357,Black,Nf6,4
1459,21,pedro_verdadeiro,White,Nf3,5
1460,21,Alfons2357,Black,d5,6
1461,21,pedro_verdadeiro,White,Bd3,7
1462,21,Alfons2357,Black,Bg4,8
1463,21,pedro_verdadeiro,White,O-O,9
1464,21,Alfons2357,Black,e6,10
1465,21,pedro_verdadeiro,White,h3,11
1466,21,Alfons2357,Black,Bf5,12
1467,21,pedro_verdadeiro,White,Nc3,13
1468,21,Alfons2357,Black,Nbd7,14
1469,21,pedro_verdadeiro,White,Bd2,15
1470,21,Alfons2357,Black,c5,16
1471,21,pedro_verdadeiro,White,Bb5,17
1472,21,Alfons2357,Black,Bd6,18
1473,21,pedro_verdadeiro,White,Ne5,19
1474,21,Alfons2357,Black,Bxe5,20
1475,21,pedro_verdadeiro,White,dxe5,21
1476,21,Alfons2357,Black,Nh5,22
1477,21,pedro_verdadeiro,White,Qxh5,23
1478,21,Alfons2357,Black,O-O,24
1479,21,pedro_verdadeiro,White,Rfe1,25
1480,21,Alfons2357,Black,Nb6,26
1481,21,pedro_verdadeiro,White,Bd3,27
1482,21,Alfons2357,Black,Be4,28
1483,21,pedro_verdadeiro,White,Nxe4,29
1484,21,Alfons2357,Black,dxe4,30
1485,21,pedro_verdadeiro,White,Bxe4,31
1486,21,Alfons2357,Black,f5,32
1487,21,pedro_verdadeiro,White,Bxb7,33
1488,21,Alfons2357,Black,Qxd2,34
1489,21,pedro_verdadeiro,White,Bxa8,35
1490,21,Alfons2357,Black,Rxa8,36
1491,21,pedro_verdadeiro,White,Red1,37
1492,21,Alfons2357,Black,Qxc2,38
1493,21,pedro_verdadeiro,White,Rd6,39
1494,21,Alfons2357,Black,Qxb2,40
1495,21,pedro_verdadeiro,White,Rxe6,41
1496,21,Alfons2357,Black,Qxa1+,42
1497,21,pedro_verdadeiro,White,Kh2,43
1498,21,Alfons2357,Black,Rf8,44
1499,21,pedro_verdadeiro,White,Re8,45
1500,21,Alfons2357,Black,Nc8,46
1501,21,pedro_verdadeiro,White,e6,47
1502,21,Alfons2357,Black,Nd6,48
1503,21,pedro_verdadeiro,White,Rxf8+,49
1504,21,Alfons2357,Black,Kxf8,50
1505,21,pedro_verdadeiro,White,Qxh7,51
1506,21,Alfons2357,Black,Qe5+,52
1507,21,pedro_verdadeiro,White,f4,53
1508,21,Alfons2357,Black,Qxe6,54
1509,21,pedro_verdadeiro,White,Qh8+,55
1510,21,Alfons2357,Black,Qg8,56
1511,21,pedro_verdadeiro,White,Qxg8+,57
1512,21,Alfons2357,Black,Kxg8,58
1513,21,pedro_verdadeiro,White,g4,59
1514,21,Alfons2357,Black,c4,60
1515,21,pedro_verdadeiro,White,Kg2,61
1516,21,Alfons2357,Black,c3,62
1517,21,pedro_verdadeiro,White,Kf1,63
1518,21,Alfons2357,Black,c2,64
1519,21,pedro_verdadeiro,White,Ke2,65
1520,21,Alfons2357,Black,c1=Q,66
1521,21,pedro_verdadeiro,White,Kf3,67
1522,21,Alfons2357,Black,Qc6+,68
1523,21,pedro_verdadeiro,White,Kg3,69
1524,21,Alfons2357,Black,g6,70
1525,21,pedro_verdadeiro,White,a3,71
1526,21,Alfons2357,Black,Kg7,72
1527,21,pedro_verdadeiro,White,a4,73
1528,21,Alfons2357,Black,Ne4+,74
1529,21,pedro_verdadeiro,White,Kf3,75
1530,21,Alfons2357,Black,Qxa4,76
1531,21,pedro_verdadeiro,White,h4,77
1532,21,Alfons2357,Black,Qd1+,78
1533,21,pedro_verdadeiro,White,Kg2,79
1534,21,Alfons2357,Black,Qxg4+,80
1535,21,pedro_verdadeiro,White,Kh2,81
1536,21,Alfons2357,Black,Nf2,82
1537,21,pedro_verdadeiro,White,h5,83
1538,21,Alfons2357,Black,gxh5,84
1539,21,pedro_verdadeiro,White,e4,85
1540,21,Alfons2357,Black,Nd1,86
1541,21,pedro_verdadeiro,White,e5,87
1542,21,Alfons2357,Black,Kf7,88
1543,21,pedro_verdadeiro,White,e6+,89
1544,21,Alfons2357,Black,Kxe6,90
1545,21,pedro_verdadeiro,White,Kh1,91
1546,21,Alfons2357,Black,Ne3,92
1547,21,pedro_verdadeiro,White,Kh2,93
1548,21,Alfons2357,Black,Qg2#,94
1549,22,elad2222,White,d4,1
1550,22,Alfons2357,Black,c6,2
1551,22,elad2222,White,c4,3
1552,22,Alfons2357,Black,Nf6,4
1553,22,elad2222,White,Bg5,5
1554,22,Alfons2357,Black,Ne4,6
1555,22,elad2222,White,Nf3,7
1556,22,Alfons2357,Black,Nxg5,8
1557,22,elad2222,White,Nxg5,9
1558,22,Alfons2357,Black,e5,10
1559,22,elad2222,White,e3,11
1560,22,Alfons2357,Black,Qxg5,12
1561,22,elad2222,White,d5,13
1562,22,Alfons2357,Black,Bb4+,14
1563,22,elad2222,White,Nc3,15
1564,22,Alfons2357,Black,cxd5,16
1565,22,elad2222,White,Qxd5,17
1566,22,Alfons2357,Black,O-O,18
1567,22,elad2222,White,Bd3,19
1568,22,Alfons2357,Black,d6,20
1569,22,elad2222,White,h4,21
1570,22,Alfons2357,Black,Qh5,22
1571,22,elad2222,White,Be2,23
1572,22,Alfons2357,Black,Qf5,24
1573,22,elad2222,White,g4,25
1574,22,Alfons2357,Black,Qxf2+,26
1575,22,elad2222,White,Kxf2,27
1576,22,Alfons2357,Black,Na6,28
1577,22,elad2222,White,Nb5,29
1578,22,Alfons2357,Black,Be6,30
1579,22,elad2222,White,Qxb7,31
1580,22,Alfons2357,Black,Nc5,32
1581,22,elad2222,White,Qc7,33
1582,22,Alfons2357,Black,Ne4+,34
1583,22,elad2222,White,Kg2,35
1584,22,Alfons2357,Black,Rfc8,36
1585,22,elad2222,White,Qe7,37
1586,22,Alfons2357,Black,Re8,38
1587,22,elad2222,White,Qc7,39
1588,22,Alfons2357,Black,Red8,40
1589,22,elad2222,White,Rad1,41
1590,22,Alfons2357,Black,Rd7,42
1591,22,elad2222,White,c5,43
1592,22,Alfons2357,Black,Rxc7,44
1593,22,elad2222,White,Nxc7,45
1594,22,Alfons2357,Black,Rd8,46
1595,22,elad2222,White,Nxe6,47
1596,22,Alfons2357,Black,fxe6,48
1597,22,elad2222,White,Bc4,49
1598,22,Alfons2357,Black,Kf7,50
1599,22,elad2222,White,Rhf1+,51
1600,22,Alfons2357,Black,Ke7,52
1601,22,elad2222,White,g5,53
1602,22,Alfons2357,Black,Bxc5,54
1603,22,elad2222,White,a3,55
1604,22,Alfons2357,Black,d5,56
1605,22,elad2222,White,Bb5,57
1606,22,Alfons2357,Black,Rd6,58
1607,22,elad2222,White,Rc1,59
1608,22,Alfons2357,Black,Bb6,60
1609,22,elad2222,White,Rc8,61
1610,22,Alfons2357,Black,g6,62
1611,22,elad2222,White,Rff8,63
1612,22,Alfons2357,Black,d4,64
1613,22,elad2222,White,Rce8#,65
1614,23,KiwiHunter,White,d4,1
1615,23,Alfons2357,Black,c6,2
1616,23,KiwiHunter,White,Bf4,3
1617,23,Alfons2357,Black,d5,4
1618,23,KiwiHunter,White,c4,5
1619,23,Alfons2357,Black,Nf6,6
1620,23,KiwiHunter,White,e3,7
1621,23,Alfons2357,Black,dxc4,8
1622,23,KiwiHunter,White,Bxc4,9
1623,23,Alfons2357,Black,e6,10
1624,23,KiwiHunter,White,Nf3,11
1625,23,Alfons2357,Black,Nbd7,12
1626,23,KiwiHunter,White,O-O,13
1627,23,Alfons2357,Black,b5,14
1628,23,KiwiHunter,White,Nc3,15
1629,23,Alfons2357,Black,bxc4,16
1630,23,KiwiHunter,White,Rc1,17
1631,23,Alfons2357,Black,Bb7,18
1632,23,KiwiHunter,White,Qa4,19
1633,23,Alfons2357,Black,c5,20
1634,23,KiwiHunter,White,Ne5,21
1635,23,Alfons2357,Black,cxd4,22
1636,23,KiwiHunter,White,exd4,23
1637,23,Alfons2357,Black,Bd6,24
1638,23,KiwiHunter,White,Rfe1,25
1639,23,Alfons2357,Black,O-O,26
1640,23,KiwiHunter,White,d5,27
1641,23,Alfons2357,Black,Bb8,28
1642,23,KiwiHunter,White,dxe6,29
1643,23,Alfons2357,Black,Nc5,30
1644,23,KiwiHunter,White,Qc2,31
1645,23,Alfons2357,Black,Nxe6,32
1646,23,KiwiHunter,White,Rcd1,33
1647,23,Alfons2357,Black,Qa5,34
1648,23,KiwiHunter,White,Nd7,35
1649,23,Alfons2357,Black,Nxd7,36
1650,23,KiwiHunter,White,Rxd7,37
1651,23,Alfons2357,Black,Nc5,38
1652,23,KiwiHunter,White,Rxf7,39
1653,23,Alfons2357,Black,Bxf4,40
1654,23,KiwiHunter,White,Rxg7+,41
1655,23,Alfons2357,Black,Kxg7,42
1656,23,KiwiHunter,White,Re7+,43
1657,23,Alfons2357,Black,Rf7,44
1658,23,KiwiHunter,White,Rxf7+,45
1659,23,Alfons2357,Black,Kxf7,46
1660,23,KiwiHunter,White,Qxh7+,47
1661,23,Alfons2357,Black,Ke6,48
1662,23,KiwiHunter,White,Qxb7,49
1663,23,Alfons2357,Black,Nxb7,50
1664,24,Alfons2357,White,e4,1
1665,24,g0spursg0,Black,e5,2
1666,24,Alfons2357,White,Nf3,3
1667,24,g0spursg0,Black,Nc6,4
1668,24,Alfons2357,White,c3,5
1669,24,g0spursg0,Black,Nf6,6
1670,24,Alfons2357,White,d3,7
1671,24,g0spursg0,Black,Bc5,8
1672,24,Alfons2357,White,Bg5,9
1673,24,g0spursg0,Black,O-O,10
1674,24,Alfons2357,White,Nbd2,11
1675,24,g0spursg0,Black,d6,12
1676,24,Alfons2357,White,Nb3,13
1677,24,g0spursg0,Black,Bg4,14
1678,24,Alfons2357,White,Nxc5,15
1679,24,g0spursg0,Black,dxc5,16
1680,24,Alfons2357,White,Be2,17
1681,24,g0spursg0,Black,Qd6,18
1682,24,Alfons2357,White,Qb3,19
1683,24,g0spursg0,Black,Na5,20
1684,24,Alfons2357,White,Qc2,21
1685,24,g0spursg0,Black,Nd7,22
1686,24,Alfons2357,White,Rd1,23
1687,24,g0spursg0,Black,f6,24
1688,24,Alfons2357,White,Be3,25
1689,24,g0spursg0,Black,Be6,26
1690,24,Alfons2357,White,b4,27
1691,24,g0spursg0,Black,cxb4,28
1692,24,Alfons2357,White,cxb4,29
1693,24,g0spursg0,Black,Qxb4+,30
1694,24,Alfons2357,White,Bd2,31
1695,24,g0spursg0,Black,Qa3,32
1696,24,Alfons2357,White,O-O,33
1697,24,g0spursg0,Black,Bxa2,34
1698,24,Alfons2357,White,Bxa5,35
1699,24,g0spursg0,Black,Bb3,36
1700,24,Alfons2357,White,Qc3,37
1701,24,g0spursg0,Black,Nc5,38
1702,24,Alfons2357,White,Bb4,39
1703,24,g0spursg0,Black,Qa2,40
1704,24,Alfons2357,White,Bxc5,41
1705,24,g0spursg0,Black,Bxd1,42
1706,24,Alfons2357,White,Bxd1,43
1707,24,g0spursg0,Black,Rfd8,44
1708,24,Alfons2357,White,Bb3+,45
1709,25,Tombombadillen,White,e4,1
1710,25,Alfons2357,Black,c6,2
1711,25,Tombombadillen,White,Nf3,3
1712,25,Alfons2357,Black,d5,4
1713,25,Tombombadillen,White,d4,5
1714,25,Alfons2357,Black,Bg4,6
1715,25,Tombombadillen,White,Be2,7
1716,25,Alfons2357,Black,dxe4,8
1717,25,Tombombadillen,White,Ne5,9
1718,25,Alfons2357,Black,Bxe2,10
1719,25,Tombombadillen,White,Qxe2,11
1720,25,Alfons2357,Black,Qxd4,12
1721,25,Tombombadillen,White,f4,13
1722,25,Alfons2357,Black,Nf6,14
1723,25,Tombombadillen,White,c3,15
1724,25,Alfons2357,Black,Qb6,16
1725,25,Tombombadillen,White,Nd2,17
1726,25,Alfons2357,Black,Nbd7,18
1727,25,Tombombadillen,White,Qc4,19
1728,25,Alfons2357,Black,Qe3+,20
1729,25,Tombombadillen,White,Kd1,21
1730,25,Alfons2357,Black,Nxe5,22
1731,25,Tombombadillen,White,fxe5,23
1732,25,Alfons2357,Black,Ng4,24
1733,25,Tombombadillen,White,e6,25
1734,25,Alfons2357,Black,fxe6,26
1735,25,Tombombadillen,White,Qxe6,27
1736,25,Alfons2357,Black,Nf2+,28
1737,25,Tombombadillen,White,Kc2,29
1738,25,Alfons2357,Black,Qd3+,30
1739,25,Tombombadillen,White,Kb3,31
1740,25,Alfons2357,Black,Nxh1,32
1741,25,Tombombadillen,White,Nxe4,33
1742,25,Alfons2357,Black,Qb5+,34
1743,25,Tombombadillen,White,Kc2,35
1744,25,Alfons2357,Black,Rd8,36
1745,25,Tombombadillen,White,Bg5,37
1746,25,Alfons2357,Black,Qe2+,38
1747,25,Tombombadillen,White,Kb3,39
1748,25,Alfons2357,Black,Qb5+,40
1749,25,Tombombadillen,White,Kc2,41
1750,25,Alfons2357,Black,Rd2+,42
1751,25,Tombombadillen,White,Nxd2,43
1752,25,Alfons2357,Black,Qxg5,44
1753,25,Tombombadillen,White,Qc8+,45
1754,25,Alfons2357,Black,Kf7,46
1755,25,Tombombadillen,White,Rxh1,47
1756,25,Alfons2357,Black,Qf5+,48
1757,25,Tombombadillen,White,Kb3,49
1758,25,Alfons2357,Black,g6,50
1759,25,Tombombadillen,White,Rf1,51
1760,25,Alfons2357,Black,Bg7,52
1761,25,Tombombadillen,White,Qxb7,53
1762,25,Alfons2357,Black,Rb8,54
1763,25,Tombombadillen,White,Qxb8,55
1764,25,Alfons2357,Black,Qxf1,56
1765,25,Tombombadillen,White,Nxf1,57
1766,25,Alfons2357,Black,h6,58
1767,25,Tombombadillen,White,Qxa7,59
1768,26,Alfons2357,White,e4,1
1769,26,GrindChess1,Black,e5,2
1770,26,Alfons2357,White,Nf3,3
1771,26,GrindChess1,Black,Nc6,4
1772,26,Alfons2357,White,c3,5
1773,26,GrindChess1,Black,d6,6
1774,26,Alfons2357,White,Qa4,7
1775,26,GrindChess1,Black,Bg4,8
1776,26,Alfons2357,White,Bb5,9
1777,26,GrindChess1,Black,Qd7,10
1778,26,Alfons2357,White,d4,11
1779,26,GrindChess1,Black,Bxf3,12
1780,26,Alfons2357,White,d5,13
1781,26,GrindChess1,Black,Bxg2,14
1782,26,Alfons2357,White,dxc6,15
1783,26,GrindChess1,Black,Qc8,16
1784,26,Alfons2357,White,cxb7+,17
1785,27,Rajeshpandit2828,White,e4,1
1786,27,Alfons2357,Black,c6,2
1787,27,Rajeshpandit2828,White,c4,3
1788,27,Alfons2357,Black,d5,4
1789,27,Rajeshpandit2828,White,c5,5
1790,27,Alfons2357,Black,g6,6
1791,27,Rajeshpandit2828,White,e5,7
1792,27,Alfons2357,Black,Bf5,8
1793,27,Rajeshpandit2828,White,d4,9
1794,27,Alfons2357,Black,e6,10
1795,27,Rajeshpandit2828,White,g4,11
1796,27,Alfons2357,Black,b6,12
1797,27,Rajeshpandit2828,White,gxf5,13
1798,27,Alfons2357,Black,f6,14
1799,27,Rajeshpandit2828,White,fxg6,15
1800,27,Alfons2357,Black,hxg6,16
1801,27,Rajeshpandit2828,White,Nh3,17
1802,27,Alfons2357,Black,Nd7,18
1803,27,Rajeshpandit2828,White,Qa4,19
1804,27,Alfons2357,Black,Ne7,20
1805,27,Rajeshpandit2828,White,exf6,21
1806,27,Alfons2357,Black,Nxf6,22
1807,27,Rajeshpandit2828,White,Bg5,23
1808,27,Alfons2357,Black,Ne4,24
1809,27,Rajeshpandit2828,White,Bxe7,25
1810,27,Alfons2357,Black,Bxe7,26
1811,27,Rajeshpandit2828,White,Qxc6+,27
1812,27,Alfons2357,Black,Kf7,28
1813,27,Rajeshpandit2828,White,Bd3,29
1814,27,Alfons2357,Black,Rxh3,30
1815,27,Rajeshpandit2828,White,Bxe4,31
1816,27,Alfons2357,Black,Rc8,32
1817,27,Rajeshpandit2828,White,Bxg6+,33
1818,27,Alfons2357,Black,Kxg6,34
1819,27,Rajeshpandit2828,White,Qa4,35
1820,27,Alfons2357,Black,Rc7,36
1821,27,Rajeshpandit2828,White,Qc2+,37
1822,27,Alfons2357,Black,Kf7,38
1823,27,Rajeshpandit2828,White,Rg1,39
1824,27,Alfons2357,Black,Qh8,40
1825,27,Rajeshpandit2828,White,Qg6+,41
1826,27,Alfons2357,Black,Kf8,42
1827,27,Rajeshpandit2828,White,Nc3,43
1828,27,Alfons2357,Black,Rxh2,44
1829,27,Rajeshpandit2828,White,Nb5,45
1830,27,Alfons2357,Black,Rd7,46
1831,27,Rajeshpandit2828,White,Qxe6,47
1832,27,Alfons2357,Black,Qxd4,48
1833,27,Rajeshpandit2828,White,Qg8#,49
1834,28,Alfons2357,White,e4,1
1835,28,AN1701,Black,e5,2
1836,28,Alfons2357,White,Nf3,3
1837,28,AN1701,Black,d6,4
1838,28,Alfons2357,White,c3,5
1839,28,AN1701,Black,Bg4,6
1840,28,Alfons2357,White,Qa4+,7
1841,28,AN1701,Black,Nc6,8
1842,28,Alfons2357,White,Bb5,9
1843,28,AN1701,Black,Qd7,10
1844,28,Alfons2357,White,d4,11
1845,28,AN1701,Black,Bxf3,12
1846,28,Alfons2357,White,d5,13
1847,28,AN1701,Black,Bxg2,14
1848,28,Alfons2357,White,dxc6,15
1849,28,AN1701,Black,bxc6,16
1850,28,Alfons2357,White,Bxc6,17
1851,28,AN1701,Black,Qxc6,18
1852,28,Alfons2357,White,Qxc6+,19
1853,28,AN1701,Black,Ke7,20
1854,28,Alfons2357,White,Qxa8,21
1855,28,AN1701,Black,Bxh1,22
1856,28,Alfons2357,White,Bg5+,23
1857,28,AN1701,Black,f6,24
1858,28,Alfons2357,White,Nd2,25
1859,28,AN1701,Black,h6,26
1860,28,Alfons2357,White,Be3,27
1861,28,AN1701,Black,g5,28
1862,28,Alfons2357,White,Ke2,29
1863,28,AN1701,Black,f5,30
1864,28,Alfons2357,White,Rxh1,31
1865,28,AN1701,Black,fxe4,32
1866,28,Alfons2357,White,Nxe4,33
1867,28,AN1701,Black,Nf6,34
1868,28,Alfons2357,White,f3,35
1869,28,AN1701,Black,Nxe4,36
1870,28,Alfons2357,White,fxe4,37
1871,28,AN1701,Black,Bg7,38
1872,28,Alfons2357,White,Qd5,39
1873,28,AN1701,Black,Kd7,40
1874,28,Alfons2357,White,c4,41
1875,28,AN1701,Black,c6,42
1876,28,Alfons2357,White,Qf7+,43
