,game,player,color,move,turn,timestamp
0,1,Alfons2357,White,e4,1,0:01:45
1,1,shreyassikchi,Black,c5,2,0:02:27
2,1,Alfons2357,White,Nf3,3,0:01:48
3,1,shreyassikchi,Black,Nc6,4,0:02:27
4,1,Alfons2357,White,Nc3,5,0:01:53
5,1,shreyassikchi,Black,e5,6,0:02:29
6,1,Alfons2357,White,Bc4,7,0:01:56
7,1,shreyassikchi,Black,Nf6,8,0:02:30
8,1,Alfons2357,White,Ng5,9,0:01:58
9,1,shreyassikchi,Black,Be7,10,0:02:31
10,1,Alfons2357,White,O-O,11,0:01:59
11,1,shreyassikchi,Black,d5,12,0:02:32
12,1,Alfons2357,White,exd5,13,0:02:01
13,1,shreyassikchi,Black,Nxd5,14,0:02:33
14,1,Alfons2357,White,Nxd5,15,0:02:03
15,1,shreyassikchi,Black,Bxg5,16,0:02:35
16,1,Alfons2357,White,Qh5,17,0:02:18
17,1,shreyassikchi,Black,Bf6,18,0:02:37
18,1,Alfons2357,White,Nxf6+,19,0:02:22
19,1,shreyassikchi,Black,Qxf6,20,0:02:39
20,1,Alfons2357,White,c3,21,0:02:38
21,1,shreyassikchi,Black,Qg6,22,0:02:41
22,1,Alfons2357,White,Qxg6,23,0:02:39
23,1,shreyassikchi,Black,fxg6,24,0:02:42
24,1,Alfons2357,White,Re1,25,0:02:42
25,1,shreyassikchi,Black,Na5,26,0:02:43
26,1,Alfons2357,White,Rxe5+,27,0:02:43
27,1,shreyassikchi,Black,Kd7,28,0:02:46
28,1,Alfons2357,White,d3,29,0:02:45
29,1,shreyassikchi,Black,Nxc4,30,0:02:47
30,1,Alfons2357,White,dxc4,31,0:02:46
31,1,shreyassikchi,Black,Kd6,32,0:02:51
32,1,Alfons2357,White,Bf4,33,0:02:47
33,1,shreyassikchi,Black,Bf5,34,0:02:53
34,1,Alfons2357,White,Rd1+,35,0:02:50
35,1,shreyassikchi,Black,Kc6,36,0:02:56
36,1,Alfons2357,White,Rdd5,37,0:02:51
37,1,shreyassikchi,Black,Rhe8,38,0:02:59
38,1,Alfons2357,White,Rxc5+,39,0:02:58
39,1,shreyassikchi,Black,Kb6,40,0:02:59
40,1,Alfons2357,White,Rxe8,41,0:02:59
41,1,shreyassikchi,Black,Rxe8,42,0:03:00
42,1,Alfons2357,White,Be3,43,0:03:00
43,1,shreyassikchi,Black,Ka6,44,0:00:50
44,1,Alfons2357,White,b4,45,0:00:36
45,1,shreyassikchi,Black,b6,46,0:00:56
46,1,Alfons2357,White,Ra5+,47,0:00:43
47,1,shreyassikchi,Black,bxa5,48,0:01:02
48,1,Alfons2357,White,c5,49,0:00:47
49,1,shreyassikchi,Black,axb4,50,0:01:07
50,1,Alfons2357,White,cxb4,51,0:01:06
51,1,shreyassikchi,Black,Kb5,52,0:01:15
52,1,Alfons2357,White,a3,53,0:01:09
53,1,shreyassikchi,Black,Rd8,54,0:01:17
54,1,Alfons2357,White,h3,55,0:01:15
55,1,shreyassikchi,Black,Ka4,56,0:01:23
56,1,Alfons2357,White,g4,57,0:01:16
57,1,shreyassikchi,Black,Be4,58,0:01:25
58,1,Alfons2357,White,Bg5,59,0:01:29
59,1,shreyassikchi,Black,Kxa3,60,0:01:27
60,1,Alfons2357,White,c6,61,0:01:30
61,1,shreyassikchi,Black,Rc8,62,0:01:34
62,1,Alfons2357,White,b5,63,0:01:42
63,1,shreyassikchi,Black,Kb4,64,0:01:36
64,1,Alfons2357,White,f3,65,0:01:43
65,1,shreyassikchi,Black,Bd3,66,0:01:44
66,1,Alfons2357,White,Kf2,67,0:01:49
67,1,shreyassikchi,Black,Kxb5,68,0:01:46
68,1,Alfons2357,White,c7,69,0:01:56
69,1,shreyassikchi,Black,Rxc7,70,0:01:49
70,1,Alfons2357,White,Ke3,71,0:02:15
71,1,shreyassikchi,Black,Bc4,72,0:02:33
72,1,Alfons2357,White,f4,73,0:02:18
73,1,shreyassikchi,Black,h6,74,0:02:38
74,1,Alfons2357,White,Bd8,75,0:02:24
75,1,shreyassikchi,Black,Rd7,76,0:02:44
76,1,Alfons2357,White,Bh4,77,0:02:28
77,1,shreyassikchi,Black,Kc5,78,0:02:47
78,1,Alfons2357,White,Kf3,79,0:02:28
79,1,shreyassikchi,Black,a5,80,0:02:48
80,1,Alfons2357,White,g5,81,0:02:40
81,1,shreyassikchi,Black,hxg5,82,0:02:49
82,1,Alfons2357,White,Bxg5,83,0:02:41
83,1,shreyassikchi,Black,a4,84,0:02:52
84,1,Alfons2357,White,Bh4,85,0:02:48
85,1,shreyassikchi,Black,a3,86,0:02:54
86,1,Alfons2357,White,Be1,87,0:02:50
87,1,shreyassikchi,Black,a2,88,0:02:57
88,1,Alfons2357,White,Bc3,89,0:02:59
89,1,shreyassikchi,Black,Rd3+,90,0:02:58
90,1,Alfons2357,White,Ke2,91,0:03:00
91,1,shreyassikchi,Black,Rxc3+,92,0:03:00
92,1,Alfons2357,White,Kd2,93,0:02:33
93,1,shreyassikchi,Black,Kb4,94,0:02:02
94,1,Alfons2357,White,f5,95,0:02:35
95,1,shreyassikchi,Black,gxf5,96,0:02:26
96,1,Alfons2357,White,h4,97,0:02:39
97,1,shreyassikchi,Black,a1=Q,98,0:02:31
98,1,Alfons2357,White,h5,99,0:02:41
99,1,shreyassikchi,Black,Qa2+,100,0:02:35
100,1,Alfons2357,White,Kd1,101,0:02:51
101,1,shreyassikchi,Black,Rb3,102,0:02:47
102,1,Alfons2357,White,Kc1,103,0:02:54
103,1,shreyassikchi,Black,Rb1#,104,0:02:53
104,2,BigMekNiko,White,e4,1,0:02:58
105,2,Alfons2357,Black,c6,2,0:02:57
106,2,BigMekNiko,White,d4,3,0:02:59
107,2,Alfons2357,Black,d5,4,0:02:58
108,2,BigMekNiko,White,e5,5,0:03:00
109,2,Alfons2357,Black,Bf5,6,0:01:59
110,2,BigMekNiko,White,g4,7,0:00:14
111,2,Alfons2357,Black,Qa5+,8,0:01:57
112,2,BigMekNiko,White,c3,9,0:00:16
113,2,Alfons2357,Black,Be4,10,0:01:57
114,2,BigMekNiko,White,f3,11,0:00:15
115,2,Alfons2357,Black,Bg6,12,0:01:58
116,2,BigMekNiko,White,h4,13,0:00:20
117,2,Alfons2357,Black,h5,14,0:02:08
118,2,BigMekNiko,White,f4,15,0:00:19
119,2,Alfons2357,Black,Nh6,16,0:02:09
120,2,BigMekNiko,White,f5,17,0:00:19
121,2,Alfons2357,Black,Bh7,18,0:02:10
122,2,BigMekNiko,White,g5,19,0:00:24
123,2,Alfons2357,Black,Nxf5,20,0:02:10
124,2,BigMekNiko,White,Nd2,21,0:00:24
125,2,Alfons2357,Black,e6,22,0:02:10
126,2,BigMekNiko,White,Ndf3,23,0:00:23
127,2,Alfons2357,Black,Be7,24,0:02:10
128,2,BigMekNiko,White,Be3,25,0:00:23
129,2,Alfons2357,Black,g6,26,0:02:10
130,2,BigMekNiko,White,Qd2,27,0:00:25
131,2,Alfons2357,Black,Nd7,28,0:02:11
132,2,BigMekNiko,White,a3,29,0:00:42
133,2,Alfons2357,Black,c5,30,0:02:20
134,2,BigMekNiko,White,O-O-O,31,0:01:04
135,2,Alfons2357,Black,Nxe3,32,0:02:20
136,2,BigMekNiko,White,Qxe3,33,0:01:14
137,2,Alfons2357,Black,cxd4,34,0:02:20
138,2,BigMekNiko,White,Qxd4,35,0:01:18
139,2,Alfons2357,Black,Rc8,36,0:02:21
140,2,BigMekNiko,White,Qd3,37,0:01:18
141,2,Alfons2357,Black,Bc5,38,0:02:23
142,2,BigMekNiko,White,Nd4,39,0:01:19
143,2,Alfons2357,Black,Bxd4,40,0:02:23
144,2,BigMekNiko,White,Qxd4,41,0:01:25
145,2,Alfons2357,Black,Nb6,42,0:02:31
146,2,BigMekNiko,White,Nf3,43,0:01:54
147,2,Alfons2357,Black,O-O,44,0:02:37
148,2,BigMekNiko,White,Qd3,45,0:02:11
149,2,Alfons2357,Black,Nc4,46,0:02:45
150,2,BigMekNiko,White,Nd4,47,0:02:24
151,2,Alfons2357,Black,Nxa3,48,0:02:46
152,2,BigMekNiko,White,bxa3,49,0:02:40
153,2,Alfons2357,Black,Qxa3+,50,0:02:49
154,2,BigMekNiko,White,Kd2,51,0:02:53
155,2,Alfons2357,Black,f5,52,0:02:54
156,2,BigMekNiko,White,exf6,53,0:02:59
157,2,Alfons2357,Black,Rxf6,54,0:03:02
158,2,BigMekNiko,White,gxf6,55,0:02:58
159,2,Alfons2357,Black,g5,56,0:03:02
160,2,BigMekNiko,White,Qg3,57,0:03:01
161,2,Alfons2357,Black,Rxc3,58,0:03:03
162,2,BigMekNiko,White,Qxg5+,59,0:03:01
163,2,Alfons2357,Black,Kf7,60,0:03:04
164,2,BigMekNiko,White,Qg7+,61,0:03:02
165,2,Alfons2357,Black,Ke8,62,0:03:03
166,2,BigMekNiko,White,f7+,63,0:03:01
167,2,Alfons2357,Black,Kd8,64,0:03:02
168,2,BigMekNiko,White,f8=Q+,65,0:05:17
169,2,Alfons2357,Black,Qxf8,66,0:06:22
170,2,BigMekNiko,White,Qxf8+,67,0:05:20
171,2,Alfons2357,Black,Kd7,68,0:06:42
172,2,BigMekNiko,White,Qf7+,69,0:05:36
173,2,Alfons2357,Black,Kd6,70,0:06:51
174,2,BigMekNiko,White,Nb5+,71,0:05:56
175,2,Alfons2357,Black,Ke5,72,0:07:16
176,2,BigMekNiko,White,Nxc3,73,0:06:06
177,2,Alfons2357,Black,Kd4,74,0:07:27
178,2,BigMekNiko,White,Qxh7,75,0:06:33
179,2,Alfons2357,Black,b6,76,0:07:41
180,2,BigMekNiko,White,Qd3+,77,0:06:47
181,2,Alfons2357,Black,Kc5,78,0:07:53
182,2,BigMekNiko,White,Rc1,79,0:07:20
183,2,Alfons2357,Black,a5,80,0:08:15
184,2,BigMekNiko,White,Na2+,81,0:07:23
185,2,Alfons2357,Black,Kd6,82,0:08:18
186,2,BigMekNiko,White,Qa6,83,0:07:31
187,2,Alfons2357,Black,a4,84,0:08:29
188,2,BigMekNiko,White,Qxb6+,85,0:07:38
189,2,Alfons2357,Black,Ke7,86,0:08:36
190,2,BigMekNiko,White,Rc7+,87,0:07:50
191,2,Alfons2357,Black,Kf6,88,0:08:44
192,2,BigMekNiko,White,Rg1,89,0:08:01
193,2,Alfons2357,Black,Ke5,90,0:08:57
194,2,BigMekNiko,White,Be2,91,0:08:23
195,2,Alfons2357,Black,a3,92,0:09:11
196,3,Alfons2357,White,e4,1,0:08:46
197,3,karpinsky,Black,e5,2,0:09:22
198,3,Alfons2357,White,Nf3,3,0:09:03
199,3,karpinsky,Black,Nc6,4,0:09:25
200,3,Alfons2357,White,Bc4,5,0:09:16
201,3,karpinsky,Black,Bc5,6,0:09:30
202,3,Alfons2357,White,Ng5,7,0:09:19
203,3,karpinsky,Black,Qxg5,8,0:09:32
204,3,Alfons2357,White,d4,9,0:09:33
205,3,karpinsky,Black,Bxd4,10,0:09:46
206,3,Alfons2357,White,Bxg5,11,0:09:51
207,3,karpinsky,Black,Bxb2,12,0:09:47
208,3,Alfons2357,White,Nd2,13,0:09:55
209,3,karpinsky,Black,Bxa1,14,0:09:50
210,3,Alfons2357,White,Qxa1,15,0:09:58
211,3,karpinsky,Black,Nd4,16,0:09:55
212,3,Alfons2357,White,Qc3,17,0:10:00
213,3,karpinsky,Black,h6,18,0:02:26
214,3,Alfons2357,White,Qb4,19,0:00:30
215,3,karpinsky,Black,Nxc2+,20,0:02:28
216,3,Alfons2357,White,Ke2,21,0:00:31
217,3,karpinsky,Black,Nxb4,22,0:02:36
218,3,Alfons2357,White,Rc1,23,0:00:33
219,3,karpinsky,Black,hxg5,24,0:02:41
220,3,Alfons2357,White,a3,25,0:00:46
221,3,karpinsky,Black,Nc6,26,0:02:47
222,3,Alfons2357,White,Ke3,27,0:00:52
223,3,karpinsky,Black,d6,28,0:02:57
224,3,Alfons2357,White,Bd5,29,0:02:10
225,3,karpinsky,Black,Nf6,30,0:03:33
226,3,Alfons2357,White,f3,31,0:03:28
227,3,karpinsky,Black,Nxd5+,32,0:04:51
228,3,Alfons2357,White,exd5,33,0:03:39
229,3,karpinsky,Black,Nd4,34,0:05:00
230,3,Alfons2357,White,Rxc7,35,0:04:33
231,3,karpinsky,Black,O-O,36,0:05:30
232,3,Alfons2357,White,Ne4,37,0:04:49
233,3,karpinsky,Black,Rd8,38,0:06:01
234,3,Alfons2357,White,g3,39,0:05:16
235,3,karpinsky,Black,Rd7,40,0:06:24
236,3,Alfons2357,White,Rxd7,41,0:05:39
237,3,karpinsky,Black,Bxd7,42,0:07:26
238,3,Alfons2357,White,Nxg5,43,0:06:41
239,3,karpinsky,Black,f6,44,0:07:43
240,3,Alfons2357,White,Ne4,45,0:07:14
241,3,karpinsky,Black,b6,46,0:07:51
242,3,Alfons2357,White,Nxd6,47,0:07:27
243,3,karpinsky,Black,Nc2+,48,0:08:12
244,3,Alfons2357,White,Ke4,49,0:07:53
245,3,karpinsky,Black,Nxa3,50,0:08:31
246,3,Alfons2357,White,h4,51,0:08:33
247,3,karpinsky,Black,b5,52,0:09:17
248,3,Alfons2357,White,g4,53,0:08:35
249,3,karpinsky,Black,b4,54,0:09:24
250,3,Alfons2357,White,Nc4,55,0:09:04
251,3,karpinsky,Black,b3,56,0:09:26
252,3,Alfons2357,White,h5,57,0:09:06
253,3,karpinsky,Black,Nxc4,58,0:09:28
254,3,Alfons2357,White,Kd3,59,0:09:12
255,3,karpinsky,Black,Rc8,60,0:09:33
256,4,Alfons2357,White,e4,1,0:09:17
257,4,frappuccino1999,Black,e5,2,0:09:39
258,4,Alfons2357,White,Nf3,3,0:09:40
259,4,frappuccino1999,Black,Nf6,4,0:09:48
260,4,Alfons2357,White,Nc3,5,0:09:44
261,4,frappuccino1999,Black,Bb4,6,0:09:54
262,4,Alfons2357,White,Bc4,7,0:09:59
263,4,frappuccino1999,Black,O-O,8,0:02:59
264,4,Alfons2357,White,d3,9,0:00:29
265,4,frappuccino1999,Black,Nc6,10,0:03:03
266,4,Alfons2357,White,Bd2,11,0:00:51
267,4,frappuccino1999,Black,Bxc3,12,0:03:42
268,4,Alfons2357,White,Bxc3,13,0:01:12
269,4,frappuccino1999,Black,b6,14,0:03:51
270,4,Alfons2357,White,Nxe5,15,0:01:25
271,4,frappuccino1999,Black,Nxe5,16,0:04:13
272,4,Alfons2357,White,Bxe5,17,0:01:36
273,4,frappuccino1999,Black,a5,18,0:04:30
274,4,Alfons2357,White,Qf3,19,0:01:49
275,4,frappuccino1999,Black,Ba6,20,0:04:48
276,4,Alfons2357,White,Bxa6,21,0:02:07
277,4,frappuccino1999,Black,Rxa6,22,0:05:00
278,4,Alfons2357,White,O-O-O,23,0:02:15
279,4,frappuccino1999,Black,b5,24,0:05:06
280,4,Alfons2357,White,Kb1,25,0:02:34
281,4,frappuccino1999,Black,Re6,26,0:05:15
282,4,Alfons2357,White,Qg3,27,0:02:39
283,4,frappuccino1999,Black,d6,28,0:05:30
284,4,Alfons2357,White,Bd4,29,0:02:57
285,4,frappuccino1999,Black,c5,30,0:05:33
286,4,Alfons2357,White,Be3,31,0:03:03
287,4,frappuccino1999,Black,b4,32,0:05:55
288,4,Alfons2357,White,b3,33,0:03:11
289,4,frappuccino1999,Black,Qb6,34,0:06:20
290,4,Alfons2357,White,d4,35,0:03:45
291,4,frappuccino1999,Black,Rd8,36,0:06:37
292,4,Alfons2357,White,Bh6,37,0:04:43
293,4,frappuccino1999,Black,Ng4,38,0:06:55
294,4,Alfons2357,White,Qxg4,39,0:04:52
295,4,frappuccino1999,Black,Rxh6,40,0:07:06
296,4,Alfons2357,White,e5,41,0:04:59
297,4,frappuccino1999,Black,dxe5,42,0:07:19
298,4,Alfons2357,White,dxc5,43,0:05:16
299,4,frappuccino1999,Black,f5,44,0:07:30
300,4,Alfons2357,White,cxb6,45,0:05:26
301,4,frappuccino1999,Black,fxg4,46,0:07:48
302,4,Alfons2357,White,Rxd8+,47,0:05:46
303,4,frappuccino1999,Black,Kf7,48,0:07:58
304,4,Alfons2357,White,b7,49,0:06:20
305,4,frappuccino1999,Black,Rb6,50,0:08:13
306,4,Alfons2357,White,b8=Q,51,0:06:48
307,4,frappuccino1999,Black,Rxb8,52,0:08:31
308,4,Alfons2357,White,Rxb8,53,0:07:00
309,4,frappuccino1999,Black,Kf6,54,0:08:39
310,5,Alfons2357,White,e4,1,0:08:16
311,5,stomic,Black,e5,2,0:08:57
312,5,Alfons2357,White,Nf3,3,0:08:27
313,5,stomic,Black,Nc6,4,0:09:01
314,5,Alfons2357,White,Bb5,5,0:08:31
315,5,stomic,Black,Nf6,6,0:09:21
316,5,Alfons2357,White,O-O,7,0:09:34
317,5,stomic,Black,Nxe4,8,0:09:31
318,5,Alfons2357,White,d3,9,0:09:37
319,5,stomic,Black,Nf6,10,0:09:37
320,5,Alfons2357,White,Bg5,11,0:09:39
321,5,stomic,Black,d6,12,0:09:39
322,5,Alfons2357,White,Nbd2,13,0:09:45
323,5,stomic,Black,Bd7,14,0:09:47
324,5,Alfons2357,White,Ne4,15,0:09:55
325,5,stomic,Black,Be7,16,0:09:52
326,5,Alfons2357,White,Nxf6+,17,0:09:58
327,5,stomic,Black,Bxf6,18,0:09:58
328,5,Alfons2357,White,Re1,19,0:00:44
329,5,stomic,Black,Bxg5,20,0:03:44
330,5,Alfons2357,White,h4,21,0:00:45
331,5,stomic,Black,Bxh4,22,0:03:46
332,5,Alfons2357,White,g3,23,0:00:50
333,5,stomic,Black,Bg5,24,0:03:48
334,5,Alfons2357,White,c3,25,0:00:50
335,5,stomic,Black,a6,26,0:03:50
336,5,Alfons2357,White,Bxc6,27,0:00:52
337,5,stomic,Black,Bxc6,28,0:03:55
338,5,Alfons2357,White,Nxg5,29,0:01:11
339,5,stomic,Black,Qxg5,30,0:03:58
340,5,Alfons2357,White,Re3,31,0:01:13
341,5,stomic,Black,Qh6,32,0:04:02
342,5,Alfons2357,White,f3,33,0:01:18
343,5,stomic,Black,Qxe3+,34,0:04:06
344,6,petersje,White,d4,1,0:01:20
345,6,Alfons2357,Black,d5,2,0:04:08
346,6,petersje,White,Bf4,3,0:01:23
347,6,Alfons2357,Black,Bf5,4,0:04:12
348,6,petersje,White,e3,5,0:01:25
349,6,Alfons2357,Black,Nf6,6,0:04:14
350,6,petersje,White,Bd3,7,0:01:28
351,6,Alfons2357,Black,Bxd3,8,0:04:17
352,6,petersje,White,Qxd3,9,0:01:38
353,6,Alfons2357,Black,e6,10,0:04:22
354,6,petersje,White,Nc3,11,0:01:46
355,6,Alfons2357,Black,Nbd7,12,0:04:23
356,6,petersje,White,Nf3,13,0:01:51
357,6,Alfons2357,Black,a6,14,0:04:25
358,6,petersje,White,a4,15,0:01:52
359,6,Alfons2357,Black,c5,16,0:04:27
360,6,petersje,White,dxc5,17,0:01:53
361,6,Alfons2357,Black,Bxc5,18,0:04:29
362,6,petersje,White,b3,19,0:02:00
363,6,Alfons2357,Black,Bb4,20,0:04:34
364,6,petersje,White,O-O,21,0:02:02
365,6,Alfons2357,Black,Bxc3,22,0:04:36
366,6,petersje,White,Qxc3,23,0:02:02
367,6,Alfons2357,Black,d4,24,0:04:43
368,6,petersje,White,Qxd4,25,0:02:24
369,6,Alfons2357,Black,O-O,26,0:04:51
370,6,petersje,White,e4,27,0:02:35
371,6,Alfons2357,Black,Rc8,28,0:05:02
372,6,petersje,White,e5,29,0:02:43
373,6,Alfons2357,Black,Nd5,30,0:05:13
374,6,petersje,White,Bg5,31,0:02:51
375,6,Alfons2357,Black,Qc7,32,0:06:12
376,6,petersje,White,Rae1,33,0:02:55
377,6,Alfons2357,Black,h6,34,0:06:21
378,6,petersje,White,Bxh6,35,0:05:35
379,6,Alfons2357,Black,Qxc2,36,0:06:38
380,6,petersje,White,Qg4,37,0:05:46
381,6,Alfons2357,Black,Qh7,38,0:06:41
382,6,petersje,White,Ng5,39,0:06:07
383,6,Alfons2357,Black,Qxh6,40,0:06:48
384,6,petersje,White,h4,41,0:06:53
385,6,Alfons2357,Black,a5,42,0:07:01
386,6,petersje,White,Ne4,43,0:07:01
387,6,Alfons2357,Black,Nxe5,44,0:07:41
388,6,petersje,White,Qg3,45,0:07:02
389,6,Alfons2357,Black,f6,46,0:07:47
390,6,petersje,White,Nd6,47,0:07:07
391,6,Alfons2357,Black,Rc3,48,0:07:53
392,6,petersje,White,f3,49,0:07:12
393,6,Alfons2357,Black,Rxb3,50,0:07:56
394,6,petersje,White,Nf5,51,0:07:15
395,6,Alfons2357,Black,Qh7,52,0:08:23
396,6,petersje,White,Rb1,53,0:07:24
397,6,Alfons2357,Black,Rxb1,54,0:08:37
398,6,petersje,White,Rxb1,55,0:07:37
399,6,Alfons2357,Black,exf5,56,0:09:06
400,6,petersje,White,Rxb7,57,0:07:38
401,6,Alfons2357,Black,g5,58,0:09:17
402,6,petersje,White,hxg5,59,0:08:03
403,6,Alfons2357,Black,Qxb7,60,0:09:20
404,6,petersje,White,gxf6+,61,0:08:09
405,6,Alfons2357,Black,Kh8,62,0:09:40
406,6,petersje,White,Qh4+,63,0:09:02
407,6,Alfons2357,Black,Qh7,64,0:09:45
408,6,petersje,White,Qd4,65,0:09:19
409,6,Alfons2357,Black,Nxf3+,66,0:09:47
410,7,seref789,White,e4,1,0:09:23
411,7,Alfons2357,Black,c6,2,0:09:49
412,7,seref789,White,d4,3,0:09:24
413,7,Alfons2357,Black,d5,4,0:09:50
414,7,seref789,White,e5,5,0:09:41
415,7,Alfons2357,Black,Bf5,6,0:09:54
416,7,seref789,White,f4,7,0:09:46
417,7,Alfons2357,Black,e6,8,0:09:55
418,7,seref789,White,Nf3,9,0:09:53
419,7,Alfons2357,Black,c5,10,0:09:57
420,7,seref789,White,c3,11,0:09:55
421,7,Alfons2357,Black,Nd7,12,0:09:58
422,7,seref789,White,Bb5,13,0:05:41
423,7,Alfons2357,Black,Bxb1,14,0:04:39
424,7,seref789,White,Rxb1,15,0:05:42
425,7,Alfons2357,Black,Ne7,16,0:04:44
426,7,seref789,White,dxc5,17,0:05:49
427,7,Alfons2357,Black,Nc6,18,0:04:45
428,7,seref789,White,b4,19,0:05:50
429,7,Alfons2357,Black,Be7,20,0:04:58
430,7,seref789,White,O-O,21,0:06:03
431,7,Alfons2357,Black,Qc7,22,0:05:01
432,7,seref789,White,Nd4,23,0:06:05
433,7,Alfons2357,Black,a6,24,0:05:07
434,7,seref789,White,Bxc6,25,0:06:10
435,7,Alfons2357,Black,bxc6,26,0:05:12
436,7,seref789,White,Re1,27,0:06:24
437,7,Alfons2357,Black,Nf8,28,0:05:18
438,7,seref789,White,f5,29,0:06:28
439,7,Alfons2357,Black,a5,30,0:05:49
440,7,seref789,White,f6,31,0:06:31
441,7,Alfons2357,Black,gxf6,32,0:05:50
442,7,seref789,White,exf6,33,0:06:34
443,7,Alfons2357,Black,Bxf6,34,0:06:43
444,7,seref789,White,Nxe6,35,0:06:48
445,7,Alfons2357,Black,fxe6,36,0:08:01
446,7,seref789,White,Bh6,37,0:07:14
447,7,Alfons2357,Black,Qf7,38,0:08:11
448,7,seref789,White,Qa4,39,0:07:21
449,7,Alfons2357,Black,Qd7,40,0:08:14
450,7,seref789,White,Rf1,41,0:07:33
451,7,Alfons2357,Black,Bxc3,42,0:08:17
452,7,seref789,White,Rxf8+,43,0:07:50
453,7,Alfons2357,Black,Rxf8,44,0:08:22
454,7,seref789,White,Bxf8,45,0:07:58
455,7,Alfons2357,Black,Bd4+,46,0:08:47
456,7,seref789,White,Kh1,47,0:08:10
457,7,Alfons2357,Black,Kxf8,48,0:08:50
458,7,seref789,White,Rf1+,49,0:08:42
459,7,Alfons2357,Black,Ke7,50,0:08:56
460,7,seref789,White,Qd1,51,0:08:58
461,7,Alfons2357,Black,Bb2,52,0:09:01
462,7,seref789,White,Qc2,53,0:09:03
463,7,Alfons2357,Black,Be5,54,0:09:22
464,7,seref789,White,Qxh7+,55,0:09:28
465,7,Alfons2357,Black,Kd8,56,0:09:29
466,7,seref789,White,Qg8+,57,0:09:30
467,7,Alfons2357,Black,Qe8,58,0:09:30
468,7,seref789,White,Rf8,59,0:09:32
469,7,Alfons2357,Black,Ke7,60,0:09:52
470,7,seref789,White,Rxe8+,61,0:09:58
471,7,Alfons2357,Black,Rxe8,62,0:09:57
472,7,seref789,White,Qh7+,63,0:09:59
473,7,Alfons2357,Black,Kd8,64,0:09:59
474,7,seref789,White,Qh4+,65,0:10:00
475,7,Alfons2357,Black,Re7,66,0:07:04
476,7,seref789,White,Qg5,67,0:06:17
477,7,Alfons2357,Black,Bc7,68,0:07:07
478,7,seref789,White,bxa5,69,0:06:28
479,7,Alfons2357,Black,Bxa5,70,0:07:14
480,7,seref789,White,h4,71,0:06:35
481,7,Alfons2357,Black,d4,72,0:07:27
482,7,seref789,White,Qg4,73,0:06:44
483,7,Alfons2357,Black,d3,74,0:07:36
484,7,seref789,White,Qd4+,75,0:06:46
485,7,Alfons2357,Black,Rd7,76,0:07:52
486,7,seref789,White,Qh8+,77,0:07:18
487,7,Alfons2357,Black,Kc7,78,0:07:59
488,7,seref789,White,Qe5+,79,0:07:28
489,7,Alfons2357,Black,Kd8,80,0:08:04
490,7,seref789,White,Qxe6,81,0:07:36
491,7,Alfons2357,Black,d2,82,0:08:49
492,7,seref789,White,Qf6+,83,0:08:12
493,7,Alfons2357,Black,Re7,84,0:08:53
494,7,seref789,White,Qf8+,85,0:08:16
495,7,Alfons2357,Black,Re8,86,0:09:08
496,7,seref789,White,Qf6+,87,0:08:26
497,7,Alfons2357,Black,Re7,88,0:09:10
498,7,seref789,White,Qd6+,89,0:08:32
499,7,Alfons2357,Black,Rd7,90,0:09:16
500,7,seref789,White,Qf8+,91,0:08:36
501,7,Alfons2357,Black,Kc7,92,0:09:16
502,7,seref789,White,Qf4+,93,0:08:48
503,7,Alfons2357,Black,Kc8,94,0:09:21
504,7,seref789,White,Qf8+,95,0:09:11
505,7,Alfons2357,Black,Rd8,96,0:09:22
506,7,seref789,White,Qf4,97,0:09:21
507,7,Alfons2357,Black,d1=Q+,98,0:09:23
508,7,seref789,White,Kh2,99,0:09:24
509,7,Alfons2357,Black,Bc7,100,0:09:43
510,7,seref789,White,Qxc7+,101,0:09:33
511,7,Alfons2357,Black,Kxc7,102,0:09:45
512,8,Alfons2357,White,e4,1,0:09:39
513,8,Luke123113,Black,d6,2,0:09:46
514,8,Alfons2357,White,Nf3,3,0:09:41
515,8,Luke123113,Black,Nf6,4,0:09:47
516,8,Alfons2357,White,e5,5,0:09:44
517,8,Luke123113,Black,dxe5,6,0:09:53
518,8,Alfons2357,White,Nxe5,7,0:09:46
519,8,Luke123113,Black,g6,8,0:09:57
520,8,Alfons2357,White,c4,9,0:09:50
521,8,Luke123113,Black,Bg7,10,0:09:58
522,8,Alfons2357,White,Nc3,11,0:09:56
523,8,Luke123113,Black,O-O,12,0:09:59
524,8,Alfons2357,White,d4,13,0:09:57
525,8,Luke123113,Black,Nc6,14,0:10:00
526,8,Alfons2357,White,Nxc6,15,0:01:04
527,8,Luke123113,Black,bxc6,16,0:02:29
528,8,Alfons2357,White,Be3,17,0:01:06
529,8,Luke123113,Black,Rb8,18,0:02:29
530,8,Alfons2357,White,Qd2,19,0:01:06
531,8,Luke123113,Black,c5,20,0:02:29
532,8,Alfons2357,White,Nb5,21,0:01:09
533,8,Luke123113,Black,cxd4,22,0:02:30
534,8,Alfons2357,White,Qxd4,23,0:01:09
535,8,Luke123113,Black,Qxd4,24,0:02:30
536,8,Alfons2357,White,Nxd4,25,0:01:10
537,8,Luke123113,Black,Rxb2,26,0:02:30
538,8,Alfons2357,White,h3,27,0:01:10
539,8,Luke123113,Black,Bb7,28,0:02:33
540,8,Alfons2357,White,f3,29,0:01:11
541,8,Luke123113,Black,Nh5,30,0:02:33
542,8,Alfons2357,White,Ne2,31,0:01:15
543,8,Luke123113,Black,Rxe2+,32,0:02:33
544,8,Alfons2357,White,Bxe2,33,0:01:18
545,8,Luke123113,Black,Bxa1,34,0:02:34
546,8,Alfons2357,White,Rh2,35,0:01:20
547,8,Luke123113,Black,Be5,36,0:02:35
548,8,Alfons2357,White,Rh1,37,0:01:27
549,8,Luke123113,Black,Ng3,38,0:02:35
550,8,Alfons2357,White,Rg1,39,0:01:29
551,8,Luke123113,Black,Nxe2,40,0:02:36
552,8,Alfons2357,White,Kxe2,41,0:01:30
553,8,Luke123113,Black,f5,42,0:02:36
554,8,Alfons2357,White,Rd1,43,0:01:30
555,8,Luke123113,Black,Ba6,44,0:02:36
556,8,Alfons2357,White,Kf2,45,0:01:31
557,8,Luke123113,Black,Bxc4,46,0:02:36
558,8,Alfons2357,White,Bxa7,47,0:01:31
559,8,Luke123113,Black,Bxa2,48,0:02:37
560,8,Alfons2357,White,Rd7,49,0:01:33
561,8,Luke123113,Black,Ra8,50,0:02:38
562,8,Alfons2357,White,Be3,51,0:01:34
563,8,Luke123113,Black,e6,52,0:02:38
564,8,Alfons2357,White,g3,53,0:01:35
565,8,Luke123113,Black,Bc4,54,0:02:39
566,8,Alfons2357,White,Rd1,55,0:01:38
567,8,Luke123113,Black,Ra2+,56,0:02:40
568,8,Alfons2357,White,Bd2,57,0:01:39
569,8,Luke123113,Black,Bc3,58,0:02:41
570,8,Alfons2357,White,Ke3,59,0:01:39
571,8,Luke123113,Black,Bxd2+,60,0:02:41
572,8,Alfons2357,White,Rxd2,61,0:01:41
573,8,Luke123113,Black,Rxd2,62,0:02:42
574,8,Alfons2357,White,Kxd2,63,0:01:42
575,8,Luke123113,Black,e5,64,0:02:43
576,8,Alfons2357,White,Kc3,65,0:01:43
577,8,Luke123113,Black,Be2,66,0:02:46
578,8,Alfons2357,White,f4,67,0:01:45
579,8,Luke123113,Black,exf4,68,0:02:46
580,8,Alfons2357,White,gxf4,69,0:01:49
581,8,Luke123113,Black,h5,70,0:02:59
582,8,Alfons2357,White,h4,71,0:02:02
583,8,Luke123113,Black,Kf7,72,0:03:12
584,8,Alfons2357,White,Kd4,73,0:02:15
585,8,Luke123113,Black,Ke6,74,0:03:23
586,8,Alfons2357,White,Kc5,75,0:02:52
587,8,Luke123113,Black,c6,76,0:03:36
588,8,Alfons2357,White,Kxc6,77,0:03:15
589,8,Luke123113,Black,Bf3+,78,0:03:39
590,8,Alfons2357,White,Kc5,79,0:03:21
591,8,Luke123113,Black,Kf6,80,0:03:39
592,8,Alfons2357,White,Kd4,81,0:03:22
593,8,Luke123113,Black,g5,82,0:03:44
594,8,Alfons2357,White,hxg5+,83,0:03:24
595,8,Luke123113,Black,Kg6,84,0:03:52
596,8,Alfons2357,White,Ke3,85,0:03:26
597,8,Luke123113,Black,Bg4,86,0:04:06
598,8,Alfons2357,White,Kf2,87,0:03:38
599,8,Luke123113,Black,h4,88,0:04:20
600,8,Alfons2357,White,Kg2,89,0:03:57
601,8,Luke123113,Black,h3+,90,0:04:48
602,8,Alfons2357,White,Kh2,91,0:03:59
603,8,Luke123113,Black,Kh5,92,0:04:56
604,8,Alfons2357,White,Kg3,93,0:04:32
605,8,Luke123113,Black,Kg6,94,0:05:19
606,8,Alfons2357,White,Kh2,95,0:04:45
607,8,Luke123113,Black,Kf7,96,0:05:32
608,8,Alfons2357,White,Kg3,97,0:04:52
609,8,Luke123113,Black,Ke6,98,0:06:03
610,8,Alfons2357,White,Kh2,99,0:04:55
611,8,Luke123113,Black,Kd5,100,0:06:25
612,8,Alfons2357,White,Kg3,101,0:05:05
613,8,Luke123113,Black,Ke4,102,0:06:33
614,8,Alfons2357,White,g6,103,0:05:16
615,8,Luke123113,Black,Bh5,104,0:06:35
616,8,Alfons2357,White,g7,105,0:05:32
617,8,Luke123113,Black,Bf7,106,0:06:51
618,8,Alfons2357,White,Kxh3,107,0:05:47
619,8,Luke123113,Black,Kxf4,108,0:06:56
620,8,Alfons2357,White,Kg2,109,0:05:57
621,8,Luke123113,Black,Kg5,110,0:07:21
622,8,Alfons2357,White,Kg3,111,0:07:19
623,8,Luke123113,Black,Kg6,112,0:07:40
624,8,Alfons2357,White,Kf4,113,0:07:22
625,8,Luke123113,Black,Kf6,114,0:07:43
626,8,Alfons2357,White,Kf3,115,0:07:33
627,8,Luke123113,Black,Kxg7,116,0:07:46
628,8,Alfons2357,White,Kf4,117,0:07:43
629,8,Luke123113,Black,Kf6,118,0:07:59
630,8,Alfons2357,White,Kf3,119,0:08:13
631,8,Luke123113,Black,Ke5,120,0:08:34
632,8,Alfons2357,White,Kf2,121,0:08:30
633,8,Luke123113,Black,Ke4,122,0:08:35
634,8,Alfons2357,White,Ke2,123,0:08:42
635,8,Luke123113,Black,f4,124,0:08:37
636,8,Alfons2357,White,Kf2,125,0:08:53
637,8,Luke123113,Black,Bh5,126,0:08:40
638,8,Alfons2357,White,Kf1,127,0:09:01
639,8,Luke123113,Black,Ke3,128,0:08:41
640,8,Alfons2357,White,Ke1,129,0:09:02
641,8,Luke123113,Black,Bg4,130,0:08:44
642,8,Alfons2357,White,Kf1,131,0:09:09
643,8,Luke123113,Black,Bh3+,132,0:09:03
644,8,Alfons2357,White,Kg1,133,0:09:13
645,8,Luke123113,Black,Ke2,134,0:09:05
646,8,Alfons2357,White,Kh2,135,0:09:27
647,8,Luke123113,Black,f3,136,0:09:13
648,8,Alfons2357,White,Kxh3,137,0:09:40
649,8,Luke123113,Black,f2,138,0:09:56
650,8,Alfons2357,White,Kg3,139,0:09:50
651,8,Luke123113,Black,f1=Q,140,0:09:59
652,8,Alfons2357,White,Kg4,141,0:10:00
653,8,Luke123113,Black,Ke3,142,0:02:34
654,8,Alfons2357,White,Kg5,143,0:04:39
655,8,Luke123113,Black,Qb5+,144,0:02:37
656,8,Alfons2357,White,Kg6,145,0:04:42
657,8,Luke123113,Black,Ke4,146,0:02:38
658,8,Alfons2357,White,Kf6,147,0:04:44
659,8,Luke123113,Black,Kf4,148,0:02:44
660,8,Alfons2357,White,Ke6,149,0:04:46
661,8,Luke123113,Black,Ke4,150,0:02:45
662,8,Alfons2357,White,Kd6,151,0:04:50
663,8,Luke123113,Black,Kd4,152,0:02:50
664,8,Alfons2357,White,Ke6,153,0:04:58
665,8,Luke123113,Black,Qh5,154,0:03:05
666,8,Alfons2357,White,Kf6,155,0:05:01
667,8,Luke123113,Black,Ke4,156,0:03:14
668,8,Alfons2357,White,Ke6,157,0:05:10
669,8,Luke123113,Black,Qh6+,158,0:03:26
670,8,Alfons2357,White,Kd7,159,0:05:17
671,8,Luke123113,Black,Kd5,160,0:03:32
672,8,Alfons2357,White,Kc7,161,0:05:22
673,8,Luke123113,Black,Qa6,162,0:03:45
674,8,Alfons2357,White,Kd7,163,0:05:29
675,8,Luke123113,Black,Qa7+,164,0:04:04
676,8,Alfons2357,White,Ke8,165,0:05:37
677,8,Luke123113,Black,Kd6,166,0:04:09
678,8,Alfons2357,White,Kf8,167,0:05:38
679,8,Luke123113,Black,Ke6,168,0:04:12
680,8,Alfons2357,White,Kg8,169,0:05:42
681,8,Luke123113,Black,Kf6,170,0:04:20
682,8,Alfons2357,White,Kf8,171,0:05:50
683,8,Luke123113,Black,Qa8#,172,0:04:24
684,9,Alfons2357,White,e4,1,0:05:58
685,9,Wildur,Black,e5,2,0:04:27
686,9,Alfons2357,White,Nc3,3,0:06:21
687,9,Wildur,Black,Nf6,4,0:04:29
688,9,Alfons2357,White,Bc4,5,0:06:38
689,9,Wildur,Black,d6,6,0:04:31
690,9,Alfons2357,White,d3,7,0:06:46
691,9,Wildur,Black,Nc6,8,0:04:40
692,9,Alfons2357,White,Nf3,9,0:06:49
693,9,Wildur,Black,Bg4,10,0:04:52
694,9,Alfons2357,White,Be3,11,0:06:51
695,9,Wildur,Black,Be7,12,0:05:05
696,9,Alfons2357,White,Qd2,13,0:06:58
697,9,Wildur,Black,Qd7,14,0:05:33
698,9,Alfons2357,White,d4,15,0:07:05
699,9,Wildur,Black,exd4,16,0:05:38
700,9,Alfons2357,White,Bxd4,17,0:07:26
701,9,Wildur,Black,Nxd4,18,0:05:44
702,9,Alfons2357,White,Nxd4,19,0:07:40
703,9,Wildur,Black,Bh5,20,0:05:47
704,9,Alfons2357,White,Nde2,21,0:07:44
705,9,Wildur,Black,O-O-O,22,0:06:07
706,9,Alfons2357,White,O-O,23,0:07:46
707,9,Wildur,Black,Ng4,24,0:06:48
708,9,Alfons2357,White,Nd5,25,0:08:15
709,9,Wildur,Black,Kb8,26,0:07:08
710,9,Alfons2357,White,Nxe7,27,0:08:19
711,9,Wildur,Black,Qxe7,28,0:07:46
712,9,Alfons2357,White,Bd5,29,0:08:29
713,9,Wildur,Black,f5,30,0:08:06
714,9,Alfons2357,White,Qb4,31,0:08:32
715,9,Wildur,Black,b6,32,0:08:26
716,9,Alfons2357,White,Nf4,33,0:08:37
717,9,Wildur,Black,fxe4,34,0:08:42
718,9,Alfons2357,White,Nxh5,35,0:08:45
719,9,Wildur,Black,Qh4,36,0:08:48
720,9,Alfons2357,White,h3,37,0:08:57
721,9,Wildur,Black,Qxh5,38,0:09:07
722,9,Alfons2357,White,Qxe4,39,0:08:59
723,9,Wildur,Black,Nf6,40,0:09:19
724,9,Alfons2357,White,Qc4,41,0:09:08
725,9,Wildur,Black,Nxd5,42,0:09:21
726,9,Alfons2357,White,Rfe1,43,0:09:10
727,9,Wildur,Black,Rde8,44,0:09:31
728,9,Alfons2357,White,Re2,45,0:09:12
729,9,Wildur,Black,Rxe2,46,0:09:39
730,9,Alfons2357,White,Qxe2,47,0:09:36
731,9,Wildur,Black,Qxe2,48,0:09:44
732,9,Alfons2357,White,Kh2,49,0:09:39
733,10,Drewbdew12,White,c4,1,0:09:47
734,10,Alfons2357,Black,d5,2,0:09:41
735,10,Drewbdew12,White,c5,3,0:09:47
736,10,Alfons2357,Black,e5,4,0:09:46
737,10,Drewbdew12,White,g3,5,0:09:48
738,10,Alfons2357,Black,Bxc5,6,0:09:48
739,10,Drewbdew12,White,Bg2,7,0:09:51
740,10,Alfons2357,Black,Nf6,8,0:09:51
741,10,Drewbdew12,White,e3,9,0:09:53
742,10,Alfons2357,Black,Nc6,10,0:09:55
743,10,Drewbdew12,White,Ne2,11,0:09:58
744,10,Alfons2357,Black,e4,12,0:09:56
745,10,Drewbdew12,White,d3,13,0:09:59
746,10,Alfons2357,Black,Bg4,14,0:09:57
747,10,Drewbdew12,White,d4,15,0:09:59
748,10,Alfons2357,Black,Bd6,16,0:02:55
749,10,Drewbdew12,White,O-O,17,0:05:26
750,10,Alfons2357,Black,Bf3,18,0:02:58
751,10,Drewbdew12,White,Nbc3,19,0:05:38
752,10,Alfons2357,Black,Qd7,20,0:03:18
753,10,Drewbdew12,White,a3,21,0:05:51
754,10,Alfons2357,Black,Qe6,22,0:03:32
755,10,Drewbdew12,White,b4,23,0:06:20
756,10,Alfons2357,Black,a6,24,0:04:14
757,10,Drewbdew12,White,Bxf3,25,0:06:26
758,10,Alfons2357,Black,exf3,26,0:04:15
759,10,Drewbdew12,White,Nf4,27,0:06:29
760,10,Alfons2357,Black,Bxf4,28,0:04:19
761,10,Drewbdew12,White,exf4,29,0:06:31
762,10,Alfons2357,Black,Qh3,30,0:04:28
763,10,Drewbdew12,White,Qxf3,31,0:06:39
764,10,Alfons2357,Black,Nxd4,32,0:05:10
765,10,Drewbdew12,White,Qe3+,33,0:07:06
766,10,Alfons2357,Black,Kd7,34,0:05:20
767,10,Drewbdew12,White,Qxd4,35,0:07:13
768,10,Alfons2357,Black,c6,36,0:05:29
769,10,Drewbdew12,White,Bb2,37,0:07:42
770,10,Alfons2357,Black,Ng4,38,0:05:29
771,10,Drewbdew12,White,Rfe1,39,0:07:48
772,10,Alfons2357,Black,Qxh2+,40,0:06:41
773,10,Drewbdew12,White,Kf1,41,0:08:20
774,10,Alfons2357,Black,Rhe8,42,0:07:09
775,10,Drewbdew12,White,Rxe8,43,0:08:26
776,10,Alfons2357,Black,Rxe8,44,0:07:24
777,10,Drewbdew12,White,Re1,45,0:08:32
778,10,Alfons2357,Black,Qh1#,46,0:08:09
779,11,jawadm1994,White,e4,1,0:08:41
780,11,Alfons2357,Black,c6,2,0:08:09
781,11,jawadm1994,White,Nf3,3,0:08:45
782,11,Alfons2357,Black,d5,4,0:08:17
783,11,jawadm1994,White,exd5,5,0:08:51
784,11,Alfons2357,Black,cxd5,6,0:08:34
785,11,jawadm1994,White,Nc3,7,0:08:58
786,11,Alfons2357,Black,Nc6,8,0:08:48
787,11,jawadm1994,White,d4,9,0:09:01
788,11,Alfons2357,Black,Qb6,10,0:09:11
789,11,jawadm1994,White,Nxd5,11,0:09:19
790,11,Alfons2357,Black,Qa5+,12,0:09:11
791,11,jawadm1994,White,Bd2,13,0:09:26
792,11,Alfons2357,Black,Qxd5,14,0:09:29
793,11,jawadm1994,White,c4,15,0:09:36
794,11,Alfons2357,Black,Qe4+,16,0:09:41
795,11,jawadm1994,White,Be2,17,0:09:39
796,11,Alfons2357,Black,Nxd4,18,0:09:44
797,11,jawadm1994,White,Nxd4,19,0:09:45
798,11,Alfons2357,Black,Qxg2,20,0:09:46
799,11,jawadm1994,White,Rf1,21,0:09:48
800,11,Alfons2357,Black,Qxh2,22,0:09:50
801,11,jawadm1994,White,Qa4+,23,0:09:49
802,11,Alfons2357,Black,Bd7,24,0:09:51
803,11,jawadm1994,White,Qb4,25,0:09:53
804,11,Alfons2357,Black,Bc6,26,0:09:58
805,11,jawadm1994,White,Nxc6,27,0:09:57
806,11,Alfons2357,Black,bxc6,28,0:09:59
807,11,jawadm1994,White,Bf3,29,0:09:59
808,11,Alfons2357,Black,Qe5+,30,0:10:00
809,11,jawadm1994,White,Be3,31,0:08:06
810,11,Alfons2357,Black,e6,32,0:06:25
811,11,jawadm1994,White,Bxc6+,33,0:08:07
812,11,Alfons2357,Black,Kd8,34,0:06:36
813,11,jawadm1994,White,Bxa8,35,0:08:16
814,11,Alfons2357,Black,Bxb4+,36,0:06:41
815,11,jawadm1994,White,Ke2,37,0:08:30
816,11,Alfons2357,Black,Qxb2+,38,0:06:47
817,11,jawadm1994,White,Bd2,39,0:08:49
818,11,Alfons2357,Black,Qxd2+,40,0:06:53
819,11,jawadm1994,White,Kf3,41,0:08:55
820,11,Alfons2357,Black,Nf6,42,0:07:28
821,11,jawadm1994,White,Rfd1,43,0:09:08
822,11,Alfons2357,Black,Qxd1+,44,0:07:30
823,11,jawadm1994,White,Rxd1+,45,0:09:11
824,11,Alfons2357,Black,Ke7,46,0:07:48
825,11,jawadm1994,White,Bb7,47,0:09:25
826,11,Alfons2357,Black,h5,48,0:09:11
827,11,jawadm1994,White,a4,49,0:09:43
828,11,Alfons2357,Black,g5,50,0:09:32
829,11,jawadm1994,White,Rb1,51,0:09:54
830,11,Alfons2357,Black,Bd2,52,0:09:50
831,11,jawadm1994,White,c5,53,0:09:55
832,11,Alfons2357,Black,h4,54,0:09:52
833,11,jawadm1994,White,c6,55,0:09:57
834,11,Alfons2357,Black,Ba5,56,0:09:55
835,11,jawadm1994,White,Rc1,57,0:01:44
836,11,Alfons2357,Black,Bc7,58,0:04:21
837,11,jawadm1994,White,a5,59,0:01:46
838,11,Alfons2357,Black,e5,60,0:04:27
839,11,jawadm1994,White,a6,61,0:01:48
840,11,Alfons2357,Black,g4+,62,0:04:32
841,11,jawadm1994,White,Kg2,63,0:01:51
842,11,Alfons2357,Black,Ke6,64,0:04:45
843,11,jawadm1994,White,Bc8+,65,0:02:15
844,11,Alfons2357,Black,Rxc8,66,0:04:54
845,11,jawadm1994,White,f3,67,0:02:34
846,11,Alfons2357,Black,gxf3+,68,0:05:00
847,11,jawadm1994,White,Kxf3,69,0:02:39
848,11,Alfons2357,Black,Rg8,70,0:05:46
849,11,jawadm1994,White,Rh1,71,0:03:04
850,11,Alfons2357,Black,Rg4,72,0:06:28
851,11,jawadm1994,White,Rc1,73,0:03:20
852,11,Alfons2357,Black,e4+,74,0:06:57
853,12,Alfons2357,White,e4,1,0:04:13
854,12,japlin007,Black,e5,2,0:07:30
855,12,Alfons2357,White,Nf3,3,0:04:32
856,12,japlin007,Black,Nc6,4,0:07:33
857,12,Alfons2357,White,Bc4,5,0:04:35
858,12,japlin007,Black,Bc5,6,0:07:38
859,12,Alfons2357,White,O-O,7,0:05:29
860,12,japlin007,Black,Nf6,8,0:08:10
861,12,Alfons2357,White,d3,9,0:06:02
862,12,japlin007,Black,O-O,10,0:08:16
863,12,Alfons2357,White,Re1,11,0:06:08
864,12,japlin007,Black,d6,12,0:08:34
865,12,Alfons2357,White,Be3,13,0:06:18
866,12,japlin007,Black,Bxe3,14,0:08:48
867,12,Alfons2357,White,Rxe3,15,0:07:29
868,12,japlin007,Black,Ng4,16,0:08:52
869,12,Alfons2357,White,Re2,17,0:08:04
870,12,japlin007,Black,Nd4,18,0:08:54
871,12,Alfons2357,White,Nxd4,19,0:08:28
872,12,japlin007,Black,exd4,20,0:09:21
873,12,Alfons2357,White,h3,21,0:08:50
874,12,japlin007,Black,Ne5,22,0:09:23
875,12,Alfons2357,White,Nd2,23,0:09:31
876,12,japlin007,Black,Nxc4,24,0:09:41
877,12,Alfons2357,White,Nxc4,25,0:09:48
878,12,japlin007,Black,Qg5,26,0:09:51
879,12,Alfons2357,White,Qd2,27,0:09:54
880,12,japlin007,Black,Qg6,28,0:09:54
881,12,Alfons2357,White,Rae1,29,0:09:57
882,12,japlin007,Black,Bxh3,30,0:09:59
883,12,Alfons2357,White,f4,31,0:01:47
884,12,japlin007,Black,b5,32,0:04:51
885,12,Alfons2357,White,Na5,33,0:02:02
886,12,japlin007,Black,Bg4,34,0:05:24
887,12,Alfons2357,White,f5,35,0:02:04
888,12,japlin007,Black,Qh5,36,0:05:37
889,12,Alfons2357,White,Rf2,37,0:02:14
890,12,japlin007,Black,Qh4,38,0:05:51
891,12,Alfons2357,White,c4,39,0:02:18
892,12,japlin007,Black,dxc3,40,0:05:54
893,12,Alfons2357,White,Qxc3,41,0:02:29
894,12,japlin007,Black,Qg3,42,0:05:58
895,12,Alfons2357,White,Qxc7,43,0:02:32
896,12,japlin007,Black,Qxd3,44,0:06:02
897,12,Alfons2357,White,Qc6,45,0:02:45
898,13,began2lve,White,e4,1,0:06:08
899,13,Alfons2357,Black,c6,2,0:02:56
900,13,began2lve,White,d4,3,0:06:35
901,13,Alfons2357,Black,d5,4,0:03:08
902,13,began2lve,White,e5,5,0:06:41
903,13,Alfons2357,Black,Bf5,6,0:03:13
904,13,began2lve,White,Bd3,7,0:06:44
905,13,Alfons2357,Black,Bxd3,8,0:04:23
906,13,began2lve,White,Qxd3,9,0:06:57
907,13,Alfons2357,Black,Nd7,10,0:04:24
908,13,began2lve,White,Nf3,11,0:07:01
909,13,Alfons2357,Black,e6,12,0:04:27
910,13,began2lve,White,Bg5,13,0:07:02
911,13,Alfons2357,Black,Qc7,14,0:04:28
912,13,began2lve,White,O-O,15,0:07:05
913,13,Alfons2357,Black,Be7,16,0:04:29
914,13,began2lve,White,Qe3,17,0:07:10
915,13,Alfons2357,Black,Bxg5,18,0:04:30
916,13,began2lve,White,Nxg5,19,0:07:12
917,13,Alfons2357,Black,Nb6,20,0:04:38
918,13,began2lve,White,Qf4,21,0:07:18
919,13,Alfons2357,Black,Nc4,22,0:05:01
920,13,began2lve,White,Nd2,23,0:07:29
921,13,Alfons2357,Black,Nxb2,24,0:05:04
922,13,began2lve,White,Rab1,25,0:07:32
923,13,Alfons2357,Black,Nc4,26,0:05:22
924,13,began2lve,White,Nxc4,27,0:07:41
925,13,Alfons2357,Black,dxc4,28,0:05:24
926,13,began2lve,White,c3,29,0:07:43
927,13,Alfons2357,Black,f6,30,0:05:27
928,13,began2lve,White,exf6,31,0:08:00
929,13,Alfons2357,Black,Qxf4,32,0:05:53
930,13,began2lve,White,Nxe6,33,0:08:09
931,13,Alfons2357,Black,Nxf6,34,0:06:17
932,13,began2lve,White,Nxf4,35,0:08:16
933,13,Alfons2357,Black,O-O-O,36,0:06:59
934,13,began2lve,White,a4,37,0:08:20
935,13,Alfons2357,Black,Rhe8,38,0:07:02
936,13,began2lve,White,Rb4,39,0:08:22
937,13,Alfons2357,Black,Nd5,40,0:07:06
938,13,began2lve,White,Nxd5,41,0:08:26
939,13,Alfons2357,Black,cxd5,42,0:07:09
940,13,began2lve,White,Rfb1,43,0:08:32
941,13,Alfons2357,Black,Re7,44,0:07:30
942,13,began2lve,White,Rb5,45,0:08:36
943,13,Alfons2357,Black,Rde8,46,0:07:32
944,13,began2lve,White,Rc5+,47,0:08:42
945,13,Alfons2357,Black,Kb8,48,0:07:45
946,13,began2lve,White,g3,49,0:08:44
947,13,Alfons2357,Black,Re2,50,0:08:14
948,13,began2lve,White,Kf1,51,0:08:48
949,13,Alfons2357,Black,Rc2,52,0:08:17
950,13,began2lve,White,Rcb5,53,0:08:53
951,13,Alfons2357,Black,Rxc3,54,0:08:30
952,13,began2lve,White,Rxb7+,55,0:08:55
953,13,Alfons2357,Black,Ka8,56,0:08:31
954,13,began2lve,White,Rxg7,57,0:08:58
955,13,Alfons2357,Black,Ra3,58,0:08:54
956,13,began2lve,White,Rb4,59,0:09:00
957,13,Alfons2357,Black,a5,60,0:09:15
958,13,began2lve,White,Rb5,61,0:09:24
959,13,Alfons2357,Black,Rxa4,62,0:09:21
960,13,began2lve,White,Rbb7,63,0:09:28
961,13,Alfons2357,Black,Rb4,64,0:09:31
962,13,began2lve,White,Ra7+,65,0:09:30
963,13,Alfons2357,Black,Kb8,66,0:09:40
964,13,began2lve,White,Rxa5,67,0:09:37
965,13,Alfons2357,Black,c3,68,0:09:41
966,13,began2lve,White,Rxd5,69,0:09:41
967,13,Alfons2357,Black,c2,70,0:09:42
968,13,began2lve,White,Rc5,71,0:09:44
969,13,Alfons2357,Black,Rb1+,72,0:09:48
970,13,began2lve,White,Kg2,73,0:09:46
971,13,Alfons2357,Black,c1=Q,74,0:09:49
972,13,began2lve,White,Ra5,75,0:09:47
973,13,Alfons2357,Black,Ra1,76,0:09:52
974,13,began2lve,White,Rb5+,77,0:09:52
975,13,Alfons2357,Black,Ka8,78,0:09:56
976,13,began2lve,White,d5,79,0:09:53
977,13,Alfons2357,Black,Qc4,80,0:09:57
978,13,began2lve,White,Rgb7,81,0:09:55
979,13,Alfons2357,Black,Qe4+,82,0:04:22
980,13,began2lve,White,Kh3,83,0:07:29
981,13,Alfons2357,Black,h5,84,0:06:17
982,13,began2lve,White,d6,85,0:07:36
983,13,Alfons2357,Black,Qg4+,86,0:06:51
984,13,began2lve,White,Kg2,87,0:07:47
985,13,Alfons2357,Black,Qe4+,88,0:06:59
986,13,began2lve,White,Kh3,89,0:07:54
987,13,Alfons2357,Black,Qxb7,90,0:07:28
988,13,began2lve,White,Rc5,91,0:08:16
989,13,Alfons2357,Black,Qd7+,92,0:07:49
990,13,began2lve,White,Kg2,93,0:08:29
991,13,Alfons2357,Black,Ree1,94,0:08:06
992,13,began2lve,White,Rd5,95,0:08:47
993,13,Alfons2357,Black,Qb7,96,0:08:17
994,14,bigtits27,White,e4,1,0:09:07
995,14,Alfons2357,Black,c6,2,0:08:19
996,14,bigtits27,White,Bc4,3,0:09:09
997,14,Alfons2357,Black,d5,4,0:08:22
998,14,bigtits27,White,Bb3,5,0:09:13
999,14,Alfons2357,Black,e5,6,0:08:32
1000,14,bigtits27,White,d3,7,0:09:16
1001,14,Alfons2357,Black,dxe4,8,0:08:33
1002,14,bigtits27,White,Qh5,9,0:09:19
1003,14,Alfons2357,Black,g6,10,0:09:04
1004,14,bigtits27,White,Qxe5+,11,0:09:25
1005,14,Alfons2357,Black,Qe7,12,0:09:06
1006,14,bigtits27,White,Qxh8,13,0:09:26
1007,14,Alfons2357,Black,exd3+,14,0:09:10
1008,14,bigtits27,White,Be3,15,0:09:32
1009,14,Alfons2357,Black,dxc2,16,0:09:21
1010,14,bigtits27,White,Bxc2,17,0:09:46
1011,14,Alfons2357,Black,Nf6,18,0:09:28
1012,14,bigtits27,White,Nf3,19,0:09:49
1013,14,Alfons2357,Black,Qb4+,20,0:09:29
1014,14,bigtits27,White,Nbd2,21,0:09:51
1015,14,Alfons2357,Black,Qxb2,22,0:09:42
1016,14,bigtits27,White,O-O,23,0:09:53
1017,14,Alfons2357,Black,Nbd7,24,0:09:45
1018,14,bigtits27,White,Bd4,25,0:09:55
1019,14,Alfons2357,Black,Qxc2,26,0:09:49
1020,14,bigtits27,White,Bxf6,27,0:09:58
1021,14,Alfons2357,Black,Nxf6,28,0:09:49
1022,14,bigtits27,White,Qxf6,29,0:09:59
1023,14,Alfons2357,Black,Be6,30,0:10:00
1024,14,bigtits27,White,Rfc1,31,0:06:14
1025,14,Alfons2357,Black,Qf5,32,0:06:49
1026,14,bigtits27,White,Qb2,33,0:06:16
1027,14,Alfons2357,Black,O-O-O,34,0:07:09
1028,14,bigtits27,White,Rab1,35,0:06:21
1029,14,Alfons2357,Black,Rd7,36,0:07:10
1030,14,bigtits27,White,Nd4,37,0:06:21
1031,14,Alfons2357,Black,Rxd4,38,0:07:11
1032,14,bigtits27,White,Qxd4,39,0:06:27
1033,14,Alfons2357,Black,Bd7,40,0:07:15
1034,14,bigtits27,White,g4,41,0:06:30
1035,14,Alfons2357,Black,Qe6,42,0:07:28
1036,14,bigtits27,White,f3,43,0:06:31
1037,14,Alfons2357,Black,Bh6,44,0:07:34
1038,14,bigtits27,White,Qxa7,45,0:06:32
1039,14,Alfons2357,Black,Be3+,46,0:07:35
1040,14,bigtits27,White,Kg2,47,0:06:34
1041,14,Alfons2357,Black,Bxa7,48,0:07:38
1042,15,Alfons2357,White,e4,1,0:06:37
1043,15,MustafaCanKaplan,Black,c5,2,0:07:46
1044,15,Alfons2357,White,Nf3,3,0:06:42
1045,15,MustafaCanKaplan,Black,d6,4,0:07:47
1046,15,Alfons2357,White,Bc4,5,0:06:52
1047,15,MustafaCanKaplan,Black,Nd7,6,0:07:50
1048,15,Alfons2357,White,d4,7,0:07:00
1049,15,MustafaCanKaplan,Black,Ngf6,8,0:07:52
1050,15,Alfons2357,White,Ng5,9,0:07:15
1051,15,MustafaCanKaplan,Black,e6,10,0:07:57
1052,15,Alfons2357,White,f4,11,0:07:53
1053,15,MustafaCanKaplan,Black,h6,12,0:08:10
1054,15,Alfons2357,White,Nxf7,13,0:07:57
1055,15,MustafaCanKaplan,Black,Kxf7,14,0:08:11
1056,15,Alfons2357,White,e5,15,0:07:58
1057,15,MustafaCanKaplan,Black,Ne4,16,0:08:13
1058,15,Alfons2357,White,d5,17,0:08:06
1059,15,MustafaCanKaplan,Black,Qh4+,18,0:08:14
1060,15,Alfons2357,White,g3,19,0:08:11
1061,15,MustafaCanKaplan,Black,Qh3,20,0:08:19
1062,15,Alfons2357,White,dxe6+,21,0:08:13
1063,15,MustafaCanKaplan,Black,Ke7,22,0:08:39
1064,15,Alfons2357,White,exd7,23,0:08:14
1065,15,MustafaCanKaplan,Black,Qg2,24,0:08:41
1066,15,Alfons2357,White,dxc8=Q,25,0:08:16
1067,15,MustafaCanKaplan,Black,Qf2#,26,0:08:45
1068,16,Alfons2357,White,e4,1,0:08:17
1069,16,w_robb15,Black,e5,2,0:08:51
1070,16,Alfons2357,White,Nf3,3,0:08:22
1071,16,w_robb15,Black,Nc6,4,0:09:02
1072,16,Alfons2357,White,Bc4,5,0:08:24
1073,16,w_robb15,Black,Bc5,6,0:09:09
1074,16,Alfons2357,White,O-O,7,0:08:48
1075,16,w_robb15,Black,Nf6,8,0:09:12
1076,16,Alfons2357,White,d3,9,0:08:57
1077,16,w_robb15,Black,O-O,10,0:09:14
1078,16,Alfons2357,White,Re1,11,0:09:12
1079,16,w_robb15,Black,d6,12,0:09:24
1080,16,Alfons2357,White,Be3,13,0:09:21
1081,16,w_robb15,Black,Bxe3,14,0:09:29
1082,16,Alfons2357,White,Rxe3,15,0:09:24
1083,16,w_robb15,Black,Bg4,16,0:09:32
1084,16,Alfons2357,White,Nbd2,17,0:09:35
1085,16,w_robb15,Black,Qd7,18,0:09:39
1086,16,Alfons2357,White,Qe1,19,0:09:36
1087,16,w_robb15,Black,h6,20,0:09:42
1088,16,Alfons2357,White,c3,21,0:09:43
1089,16,w_robb15,Black,Rfe8,22,0:09:49
1090,16,Alfons2357,White,h3,23,0:09:50
1091,16,w_robb15,Black,Be6,24,0:09:53
1092,16,Alfons2357,White,Bxe6,25,0:09:55
1093,16,w_robb15,Black,Qxe6,26,0:09:54
1094,16,Alfons2357,White,d4,27,0:09:58
1095,16,w_robb15,Black,exd4,28,0:09:56
1096,16,Alfons2357,White,Nxd4,29,0:09:59
1097,16,w_robb15,Black,Nxd4,30,0:10:00
1098,16,Alfons2357,White,cxd4,31,0:03:36
1099,16,w_robb15,Black,b6,32,0:02:52
1100,16,Alfons2357,White,a4,33,0:03:46
1101,16,w_robb15,Black,c5,34,0:03:02
1102,16,Alfons2357,White,e5,35,0:03:49
1103,16,w_robb15,Black,Nd5,36,0:03:15
1104,16,Alfons2357,White,Re4,37,0:03:55
1105,16,w_robb15,Black,f5,38,0:03:27
1106,16,Alfons2357,White,Re3,39,0:04:27
1107,16,w_robb15,Black,Nxe3,40,0:05:08
1108,16,Alfons2357,White,Qxe3,41,0:04:29
1109,16,w_robb15,Black,cxd4,42,0:05:48
1110,16,Alfons2357,White,Qxd4,43,0:04:40
1111,16,w_robb15,Black,Rad8,44,0:05:51
1112,16,Alfons2357,White,Re1,45,0:04:56
1113,16,w_robb15,Black,dxe5,46,0:06:09
1114,16,Alfons2357,White,Rxe5,47,0:04:57
1115,16,w_robb15,Black,Rxd4,48,0:06:38
1116,16,Alfons2357,White,Rxe6,49,0:04:59
1117,16,w_robb15,Black,Rxe6,50,0:06:49
1118,16,Alfons2357,White,Nf3,51,0:05:01
1119,16,w_robb15,Black,Rd1+,52,0:06:56
1120,16,Alfons2357,White,Kh2,53,0:05:06
1121,16,w_robb15,Black,g5,54,0:07:29
1122,16,Alfons2357,White,g3,55,0:05:27
1123,16,w_robb15,Black,Re2,56,0:07:56
1124,16,Alfons2357,White,Kg2,57,0:06:47
1125,16,w_robb15,Black,Rxb2,58,0:08:04
1126,16,Alfons2357,White,Ne5,59,0:07:38
1127,16,w_robb15,Black,Rdd2,60,0:08:16
1128,16,Alfons2357,White,Nd3,61,0:07:55
1129,17,Alfons2357,White,e4,1,0:08:30
1130,17,piscat0re,Black,e5,2,0:08:33
1131,17,Alfons2357,White,Nf3,3,0:08:48
1132,17,piscat0re,Black,Nc6,4,0:08:49
1133,17,Alfons2357,White,Bc4,5,0:09:08
1134,17,piscat0re,Black,Nf6,6,0:08:55
1135,17,Alfons2357,White,d3,7,0:09:17
1136,17,piscat0re,Black,Bc5,8,0:09:22
1137,17,Alfons2357,White,O-O,9,0:09:21
1138,17,piscat0re,Black,O-O,10,0:09:23
1139,17,Alfons2357,White,Re1,11,0:09:23
1140,17,piscat0re,Black,d6,12,0:09:39
1141,17,Alfons2357,White,Be3,13,0:09:37
1142,17,piscat0re,Black,Bxe3,14,0:09:46
1143,17,Alfons2357,White,Rxe3,15,0:09:59
1144,17,piscat0re,Black,Qe8,16,0:02:20
1145,17,Alfons2357,White,h3,17,0:06:26
1146,17,piscat0re,Black,Be6,18,0:02:24
1147,17,Alfons2357,White,Na3,19,0:06:28
1148,17,piscat0re,Black,h6,20,0:02:25
1149,17,Alfons2357,White,Bxe6,21,0:06:32
1150,17,piscat0re,Black,Qxe6,22,0:02:29
1151,17,Alfons2357,White,Qd2,23,0:06:42
1152,17,piscat0re,Black,g5,24,0:02:37
1153,17,Alfons2357,White,Rae1,25,0:06:47
1154,17,piscat0re,Black,d5,26,0:04:56
1155,17,Alfons2357,White,exd5,27,0:07:02
1156,17,piscat0re,Black,Qxd5,28,0:05:11
1157,17,Alfons2357,White,c4,29,0:07:13
1158,17,piscat0re,Black,Qe6,30,0:05:23
1159,17,Alfons2357,White,Nxe5,31,0:07:16
1160,17,piscat0re,Black,Nxe5,32,0:05:29
1161,17,Alfons2357,White,Rxe5,33,0:07:54
1162,17,piscat0re,Black,Qb6,34,0:06:05
1163,17,Alfons2357,White,h4,35,0:08:06
1164,17,piscat0re,Black,Nd7,36,0:06:28
1165,17,Alfons2357,White,c5,37,0:08:17
1166,17,piscat0re,Black,Qc6,38,0:06:39
1167,17,Alfons2357,White,hxg5,39,0:08:19
1168,17,piscat0re,Black,h5,40,0:06:46
1169,17,Alfons2357,White,Rf5,41,0:08:30
1170,17,piscat0re,Black,h4,42,0:07:15
1171,17,Alfons2357,White,Re3,43,0:08:45
1172,17,piscat0re,Black,Qg6,44,0:07:26
1173,17,Alfons2357,White,g4,45,0:08:49
1174,17,piscat0re,Black,hxg3,46,0:07:29
1175,17,Alfons2357,White,Rxg3,47,0:08:58
1176,17,piscat0re,Black,Qxf5,48,0:07:30
1177,17,Alfons2357,White,Nc4,49,0:09:05
1178,17,piscat0re,Black,Kg7,50,0:07:36
1179,17,Alfons2357,White,Qc3+,51,0:09:08
1180,17,piscat0re,Black,Kg6,52,0:07:50
1181,17,Alfons2357,White,b4,53,0:09:23
1182,17,piscat0re,Black,Rae8,54,0:08:04
1183,17,Alfons2357,White,Kg2,55,0:09:32
1184,17,piscat0re,Black,Rh8,56,0:08:36
1185,17,Alfons2357,White,d4,57,0:09:36
1186,17,piscat0re,Black,Qd5+,58,0:09:04
1187,17,Alfons2357,White,Rf3,59,0:09:40
1188,17,piscat0re,Black,Qxg5+,60,0:09:26
1189,17,Alfons2357,White,Rg3,61,0:09:50
1190,17,piscat0re,Black,Rh2+,62,0:09:45
1191,17,Alfons2357,White,Kxh2,63,0:09:58
1192,17,piscat0re,Black,Rh8+,64,0:09:56
1193,17,Alfons2357,White,Kg2,65,0:02:10
1194,17,piscat0re,Black,Qxg3+,66,0:01:02
1195,17,Alfons2357,White,Qxg3+,67,0:02:11
1196,17,piscat0re,Black,Kf6,68,0:01:06
1197,17,Alfons2357,White,Qxc7,69,0:02:13
1198,17,piscat0re,Black,Ke7,70,0:01:10
1199,17,Alfons2357,White,Qxb7,71,0:02:14
1200,17,piscat0re,Black,Rg8+,72,0:01:12
1201,17,Alfons2357,White,Kf3,73,0:02:15
1202,17,piscat0re,Black,Rb8,74,0:01:12
1203,17,Alfons2357,White,Qe4+,75,0:02:16
1204,17,piscat0re,Black,Kd8,76,0:01:14
1205,17,Alfons2357,White,Qh4+,77,0:02:21
1206,17,piscat0re,Black,Kc8,78,0:01:21
1207,17,Alfons2357,White,a3,79,0:02:23
1208,17,piscat0re,Black,f6,80,0:01:22
1209,17,Alfons2357,White,c6,81,0:02:25
1210,17,piscat0re,Black,Nf8,82,0:01:26
1211,17,Alfons2357,White,Qh8,83,0:02:26
1212,17,piscat0re,Black,Kc7,84,0:01:26
1213,17,Alfons2357,White,Qxf6,85,0:02:27
1214,17,piscat0re,Black,Nh7,86,0:01:27
1215,17,Alfons2357,White,Qg7+,87,0:02:28
1216,17,piscat0re,Black,Kxc6,88,0:01:27
1217,17,Alfons2357,White,Qxh7,89,0:02:30
1218,17,piscat0re,Black,Rf8+,90,0:01:28
1219,17,Alfons2357,White,Ke3,91,0:02:33
1220,17,piscat0re,Black,Re8+,92,0:01:29
1221,17,Alfons2357,White,Ne5+,93,0:02:34
1222,17,piscat0re,Black,Kd5,94,0:01:29
1223,17,Alfons2357,White,Qd7#,95,0:02:37
1224,18,GuidoDi,White,e4,1,0:01:30
1225,18,Alfons2357,Black,c6,2,0:02:41
1226,18,GuidoDi,White,d4,3,0:01:32
1227,18,Alfons2357,Black,d5,4,0:02:43
1228,18,GuidoDi,White,e5,5,0:01:32
1229,18,Alfons2357,Black,Bf5,6,0:02:44
1230,18,GuidoDi,White,Nf3,7,0:01:35
1231,18,Alfons2357,Black,e6,8,0:02:45
1232,18,GuidoDi,White,c3,9,0:01:38
1233,18,Alfons2357,Black,Ne7,10,0:02:48
1234,18,GuidoDi,White,Nbd2,11,0:01:54
1235,18,Alfons2357,Black,Qc7,12,0:02:51
1236,18,GuidoDi,White,Be2,13,0:02:01
1237,18,Alfons2357,Black,a6,14,0:02:58
1238,18,GuidoDi,White,O-O,15,0:02:04
1239,18,Alfons2357,Black,c5,16,0:02:59
1240,18,GuidoDi,White,Nb3,17,0:02:09
1241,18,Alfons2357,Black,Nec6,18,0:03:02
1242,18,GuidoDi,White,Nxc5,19,0:02:10
1243,18,Alfons2357,Black,Bxc5,20,0:03:05
1244,18,GuidoDi,White,dxc5,21,0:02:15
1245,18,Alfons2357,Black,Nd7,22,0:03:06
1246,18,GuidoDi,White,Be3,23,0:02:18
1247,18,Alfons2357,Black,O-O,24,0:03:09
1248,18,GuidoDi,White,b4,25,0:02:19
1249,18,Alfons2357,Black,b6,26,0:03:10
1250,18,GuidoDi,White,cxb6,27,0:02:20
1251,18,Alfons2357,Black,Nxb6,28,0:03:11
1252,18,GuidoDi,White,Bxb6,29,0:02:39
1253,18,Alfons2357,Black,Qxb6,30,0:03:13
1254,18,GuidoDi,White,a3,31,0:02:46
1255,18,Alfons2357,Black,a5,32,0:03:19
1256,18,GuidoDi,White,Rb1,33,0:02:48
1257,18,Alfons2357,Black,Rfc8,34,0:03:22
1258,18,GuidoDi,White,bxa5,35,0:02:49
1259,18,Alfons2357,Black,Qxa5,36,0:03:23
1260,18,GuidoDi,White,Bb5,37,0:02:50
1261,18,Alfons2357,Black,Bxb1,38,0:03:24
1262,18,GuidoDi,White,Qxb1,39,0:03:23
1263,18,Alfons2357,Black,Qxc3,40,0:03:42
1264,18,GuidoDi,White,Ng5,41,0:03:24
1265,18,Alfons2357,Black,Nd4,42,0:03:43
1266,18,GuidoDi,White,Bd7,43,0:03:26
1267,18,Alfons2357,Black,Ne2+,44,0:03:43
1268,18,GuidoDi,White,Kh1,45,0:03:29
1269,18,Alfons2357,Black,f5,46,0:03:44
1270,18,GuidoDi,White,Bxe6+,47,0:03:32
1271,18,Alfons2357,Black,Kh8,48,0:03:46
1272,18,GuidoDi,White,Bxc8,49,0:03:34
1273,18,Alfons2357,Black,Rxc8,50,0:03:49
1274,18,GuidoDi,White,Nf7+,51,0:03:35
1275,18,Alfons2357,Black,Kg8,52,0:03:52
1276,18,GuidoDi,White,Nd6,53,0:03:37
1277,18,Alfons2357,Black,Qc2,54,0:03:54
1278,18,GuidoDi,White,Nxc8,55,0:03:39
1279,18,Alfons2357,Black,Qxc8,56,0:03:55
1280,18,GuidoDi,White,Re1,57,0:03:45
1281,18,Alfons2357,Black,Nc3,58,0:03:56
1282,18,GuidoDi,White,Qc1,59,0:03:47
1283,18,Alfons2357,Black,d4,60,0:03:58
1284,18,GuidoDi,White,e6,61,0:03:48
1285,18,Alfons2357,Black,Kf8,62,0:04:00
1286,18,GuidoDi,White,e7+,63,0:03:51
1287,18,Alfons2357,Black,Ke8,64,0:04:03
1288,18,GuidoDi,White,h3,65,0:03:53
1289,18,Alfons2357,Black,Qa8,66,0:04:08
1290,18,GuidoDi,White,Qd2,67,0:03:54
1291,18,Alfons2357,Black,Qa4,68,0:04:19
1292,18,GuidoDi,White,Qb2,69,0:03:56
1293,18,Alfons2357,Black,Qa7,70,0:04:20
1294,18,GuidoDi,White,Qb4,71,0:03:57
1295,18,Alfons2357,Black,Nd5,72,0:04:21
1296,18,GuidoDi,White,Qb5+,73,0:03:58
1297,18,Alfons2357,Black,Qd7,74,0:04:25
1298,18,GuidoDi,White,Qxd7+,75,0:03:58
1299,18,Alfons2357,Black,Kxd7,76,0:04:28
1300,18,GuidoDi,White,e8=Q+,77,0:04:02
1301,18,Alfons2357,Black,Kc7,78,0:04:32
1302,18,GuidoDi,White,Qe7+,79,0:04:08
1303,18,Alfons2357,Black,Nxe7,80,0:04:35
1304,18,GuidoDi,White,Rxe7+,81,0:04:08
1305,18,Alfons2357,Black,Kd6,82,0:04:44
1306,18,GuidoDi,White,Rxg7,83,0:04:11
1307,18,Alfons2357,Black,Kd5,84,0:05:19
1308,18,GuidoDi,White,Rxh7,85,0:04:20
1309,18,Alfons2357,Black,d3,86,0:05:36
1310,18,GuidoDi,White,Rd7+,87,0:04:22
1311,18,Alfons2357,Black,Kc4,88,0:05:42
1312,18,GuidoDi,White,Rxd3,89,0:04:43
1313,18,Alfons2357,Black,Kxd3,90,0:06:04
1314,18,GuidoDi,White,a4,91,0:04:49
1315,18,Alfons2357,Black,Kc4,92,0:06:09
1316,18,GuidoDi,White,a5,93,0:04:59
1317,18,Alfons2357,Black,Kb5,94,0:06:47
1318,18,GuidoDi,White,h4,95,0:05:08
1319,18,Alfons2357,Black,Kxa5,96,0:06:50
1320,18,GuidoDi,White,h5,97,0:05:11
1321,18,Alfons2357,Black,Kb6,98,0:07:00
1322,18,GuidoDi,White,h6,99,0:05:23
1323,18,Alfons2357,Black,Kc7,100,0:07:07
1324,18,GuidoDi,White,h7,101,0:05:25
1325,18,Alfons2357,Black,Kd8,102,0:07:12
1326,18,GuidoDi,White,h8=Q+,103,0:05:25
1327,18,Alfons2357,Black,Ke7,104,0:07:17
1328,18,GuidoDi,White,Qh7+,105,0:05:28
1329,18,Alfons2357,Black,Kf6,106,0:07:19
1330,18,GuidoDi,White,Qh6+,107,0:05:45
1331,18,Alfons2357,Black,Ke5,108,0:07:30
1332,18,GuidoDi,White,g3,109,0:06:20
1333,18,Alfons2357,Black,f4,110,0:07:34
1334,18,GuidoDi,White,gxf4+,111,0:06:49
1335,18,Alfons2357,Black,Ke4,112,0:07:53
1336,18,GuidoDi,White,Qh4,113,0:07:00
1337,18,Alfons2357,Black,Kf3,114,0:08:19
1338,18,GuidoDi,White,f5,115,0:07:47
1339,18,Alfons2357,Black,Ke2,116,0:08:48
1340,18,GuidoDi,White,f6,117,0:08:09
1341,18,Alfons2357,Black,Kd2,118,0:08:55
1342,18,GuidoDi,White,f7,119,0:08:14
1343,18,Alfons2357,Black,Kc2,120,0:08:59
1344,18,GuidoDi,White,f8=Q,121,0:08:39
1345,18,Alfons2357,Black,Kb2,122,0:09:05
1346,18,GuidoDi,White,Qhd8,123,0:08:55
1347,18,Alfons2357,Black,Kc2,124,0:09:11
1348,18,GuidoDi,White,Qfe7,125,0:09:05
1349,18,Alfons2357,Black,Kb2,126,0:09:23
1350,18,GuidoDi,White,Qec7,127,0:09:10
1351,19,Alfons2357,White,e4,1,0:09:25
1352,19,plemercier,Black,Nf6,2,0:09:16
1353,19,Alfons2357,White,Nf3,3,0:09:27
1354,19,plemercier,Black,Nxe4,4,0:09:28
1355,19,Alfons2357,White,Bc4,5,0:09:37
1356,19,plemercier,Black,e6,6,0:09:29
1357,19,Alfons2357,White,Nc3,7,0:09:52
1358,19,plemercier,Black,Nxc3,8,0:09:45
1359,19,Alfons2357,White,bxc3,9,0:09:54
1360,19,plemercier,Black,d5,10,0:09:46
1361,19,Alfons2357,White,Bb3,11,0:09:56
1362,19,plemercier,Black,g6,12,0:09:54
1363,19,Alfons2357,White,d4,13,0:09:58
1364,19,plemercier,Black,Bg7,14,0:09:59
1365,19,Alfons2357,White,Ne5,15,0:01:24
1366,19,plemercier,Black,O-O,16,0:00:25
1367,19,Alfons2357,White,O-O,17,0:01:26
1368,19,plemercier,Black,Nc6,18,0:00:35
1369,19,Alfons2357,White,Nxc6,19,0:01:27
1370,19,plemercier,Black,bxc6,20,0:00:41
1371,19,Alfons2357,White,Ba3,21,0:01:31
1372,19,plemercier,Black,Re8,22,0:00:42
1373,19,Alfons2357,White,Re1,23,0:01:32
1374,19,plemercier,Black,Qg5,24,0:00:44
1375,19,Alfons2357,White,Re5,25,0:01:40
1376,19,plemercier,Black,Bxe5,26,0:00:51
1377,19,Alfons2357,White,dxe5,27,0:01:46
1378,19,plemercier,Black,Qxe5,28,0:01:14
1379,19,Alfons2357,White,Qe1,29,0:01:49
1380,19,plemercier,Black,Qxc3,30,0:01:22
1381,19,Alfons2357,White,Qxc3,31,0:01:50
1382,19,plemercier,Black,e5,32,0:01:24
1383,19,Alfons2357,White,Qf3,33,0:01:51
1384,19,plemercier,Black,e4,34,0:01:27
1385,19,Alfons2357,White,Qf6,35,0:01:55
1386,19,plemercier,Black,Re6,36,0:01:32
1387,19,Alfons2357,White,Qd8+,37,0:01:55
1388,19,plemercier,Black,Kg7,38,0:01:36
1389,19,Alfons2357,White,Bb2+,39,0:01:56
1390,19,plemercier,Black,f6,40,0:01:49
1391,19,Alfons2357,White,Qxc7+,41,0:02:06
1392,19,plemercier,Black,Kh6,42,0:01:57
1393,19,Alfons2357,White,Bc1+,43,0:02:07
1394,19,plemercier,Black,g5,44,0:02:00
1395,19,Alfons2357,White,h4,45,0:02:11
1396,19,plemercier,Black,Re5,46,0:02:33
1397,19,Alfons2357,White,hxg5+,47,0:02:12
1398,19,plemercier,Black,fxg5,48,0:02:40
1399,19,Alfons2357,White,Qxe5,49,0:02:13
1400,19,plemercier,Black,Ba6,50,0:02:50
1401,19,Alfons2357,White,Qxg5#,51,0:02:18
1402,20,Alfons2357,White,e4,1,0:02:58
1403,20,Tchbz,Black,e5,2,0:02:21
1404,20,Alfons2357,White,Nf3,3,0:03:08
1405,20,Tchbz,Black,Nc6,4,0:02:26
1406,20,Alfons2357,White,Bc4,5,0:03:13
1407,20,Tchbz,Black,f6,6,0:02:27
1408,20,Alfons2357,White,d3,7,0:03:47
1409,20,Tchbz,Black,Bb4+,8,0:02:35
1410,20,Alfons2357,White,c3,9,0:04:02
1411,20,Tchbz,Black,Bc5,10,0:02:36
1412,20,Alfons2357,White,O-O,11,0:04:11
1413,20,Tchbz,Black,Nge7,12,0:02:40
1414,20,Alfons2357,White,b4,13,0:04:13
1415,20,Tchbz,Black,Bb6,14,0:03:10
1416,20,Alfons2357,White,Ba3,15,0:04:28
1417,20,Tchbz,Black,a5,16,0:03:20
1418,20,Alfons2357,White,b5,17,0:04:38
1419,20,Tchbz,Black,Na7,18,0:03:21
1420,20,Alfons2357,White,Nbd2,19,0:04:40
1421,20,Tchbz,Black,c6,20,0:03:41
1422,20,Alfons2357,White,Qa4,21,0:04:52
1423,20,Tchbz,Black,d5,22,0:04:00
1424,20,Alfons2357,White,bxc6,23,0:04:59
1425,20,Tchbz,Black,bxc6,24,0:04:03
1426,20,Alfons2357,White,exd5,25,0:05:09
1427,20,Tchbz,Black,Nxd5,26,0:04:11
1428,20,Alfons2357,White,Bxd5,27,0:05:29
1429,20,Tchbz,Black,Qxd5,28,0:04:45
1430,20,Alfons2357,White,c4,29,0:06:17
1431,20,Tchbz,Black,Qxd3,30,0:05:59
1432,20,Alfons2357,White,Rad1,31,0:06:25
1433,20,Tchbz,Black,e4,32,0:06:02
1434,20,Alfons2357,White,Rfe1,33,0:06:32
1435,20,Tchbz,Black,Bxf2+,34,0:06:08
1436,20,Alfons2357,White,Kxf2,35,0:06:37
1437,20,Tchbz,Black,e3+,36,0:06:13
1438,20,Alfons2357,White,Rxe3+,37,0:07:06
1439,20,Tchbz,Black,Qxe3+,38,0:06:54
1440,20,Alfons2357,White,Kxe3,39,0:07:23
1441,20,Tchbz,Black,Kd7,40,0:07:25
1442,20,Alfons2357,White,Ne4+,41,0:08:03
1443,20,Tchbz,Black,Kc7,42,0:07:29
1444,20,Alfons2357,White,Bd6+,43,0:08:04
1445,20,Tchbz,Black,Kd7,44,0:07:57
1446,20,Alfons2357,White,Bc5+,45,0:08:33
1447,20,Tchbz,Black,Kc7,46,0:08:19
1448,20,Alfons2357,White,Qxa5+,47,0:08:45
1449,20,Tchbz,Black,Kb8,48,0:08:36
1450,20,Alfons2357,White,Qb6+,49,0:08:58
1451,20,Tchbz,Black,Bb7,50,0:08:45
1452,20,Alfons2357,White,Bd6+,51,0:09:06
1453,20,Tchbz,Black,Kc8,52,0:08:57
1454,20,Alfons2357,White,Qc7#,53,0:09:15
1455,21,pedro_verdadeiro,White,d4,1,0:09:19
1456,21,Alfons2357,Black,c6,2,0:09:34
1457,21,pedro_verdadeiro,White,e3,3,0:09:23
1458,21,Alfons2357,Black,Nf6,4,0:09:44
1459,21,pedro_verdadeiro,White,Nf3,5,0:09:28
1460,21,Alfons2357,Black,d5,6,0:09:46
1461,21,pedro_verdadeiro,White,Bd3,7,0:09:51
1462,21,Alfons2357,Black,Bg4,8,0:09:56
1463,21,pedro_verdadeiro,White,O-O,9,0:09:58
1464,21,Alfons2357,Black,e6,10,0:09:58
1465,21,pedro_verdadeiro,White,h3,11,0:09:59
1466,21,Alfons2357,Black,Bf5,12,0:10:00
1467,21,pedro_verdadeiro,White,Nc3,13,0:01:10
1468,21,Alfons2357,Black,Nbd7,14,0:05:18
1469,21,pedro_verdadeiro,White,Bd2,15,0:01:27
1470,21,Alfons2357,Black,c5,16,0:05:26
1471,21,pedro_verdadeiro,White,Bb5,17,0:01:29
1472,21,Alfons2357,Black,Bd6,18,0:05:32
1473,21,pedro_verdadeiro,White,Ne5,19,0:01:35
1474,21,Alfons2357,Black,Bxe5,20,0:05:37
1475,21,pedro_verdadeiro,White,dxe5,21,0:01:36
1476,21,Alfons2357,Black,Nh5,22,0:05:42
1477,21,pedro_verdadeiro,White,Qxh5,23,0:01:39
1478,21,Alfons2357,Black,O-O,24,0:05:44
1479,21,pedro_verdadeiro,White,Rfe1,25,0:01:40
1480,21,Alfons2357,Black,Nb6,26,0:05:46
1481,21,pedro_verdadeiro,White,Bd3,27,0:01:41
1482,21,Alfons2357,Black,Be4,28,0:06:00
1483,21,pedro_verdadeiro,White,Nxe4,29,0:02:17
1484,21,Alfons2357,Black,dxe4,30,0:06:03
1485,21,pedro_verdadeiro,White,Bxe4,31,0:02:31
1486,21,Alfons2357,Black,f5,32,0:06:20
1487,21,pedro_verdadeiro,White,Bxb7,33,0:03:03
1488,21,Alfons2357,Black,Qxd2,34,0:06:23
1489,21,pedro_verdadeiro,White,Bxa8,35,0:03:22
1490,21,Alfons2357,Black,Rxa8,36,0:06:39
1491,21,pedro_verdadeiro,White,Red1,37,0:04:02
1492,21,Alfons2357,Black,Qxc2,38,0:06:43
1493,21,pedro_verdadeiro,White,Rd6,39,0:04:27
1494,21,Alfons2357,Black,Qxb2,40,0:07:09
1495,21,pedro_verdadeiro,White,Rxe6,41,0:04:33
1496,21,Alfons2357,Black,Qxa1+,42,0:07:15
1497,21,pedro_verdadeiro,White,Kh2,43,0:05:24
1498,21,Alfons2357,Black,Rf8,44,0:07:41
1499,21,pedro_verdadeiro,White,Re8,45,0:05:56
1500,21,Alfons2357,Black,Nc8,46,0:07:50
1501,21,pedro_verdadeiro,White,e6,47,0:06:06
1502,21,Alfons2357,Black,Nd6,48,0:08:12
1503,21,pedro_verdadeiro,White,Rxf8+,49,0:06:39
1504,21,Alfons2357,Black,Kxf8,50,0:08:22
1505,21,pedro_verdadeiro,White,Qxh7,51,0:07:26
1506,21,Alfons2357,Black,Qe5+,52,0:08:24
1507,21,pedro_verdadeiro,White,f4,53,0:07:45
1508,21,Alfons2357,Black,Qxe6,54,0:08:42
1509,21,pedro_verdadeiro,White,Qh8+,55,0:08:00
1510,21,Alfons2357,Black,Qg8,56,0:08:45
1511,21,pedro_verdadeiro,White,Qxg8+,57,0:08:01
1512,21,Alfons2357,Black,Kxg8,58,0:08:47
1513,21,pedro_verdadeiro,White,g4,59,0:08:36
1514,21,Alfons2357,Black,c4,60,0:08:58
1515,21,pedro_verdadeiro,White,Kg2,61,0:08:48
1516,21,Alfons2357,Black,c3,62,0:09:25
1517,21,pedro_verdadeiro,White,Kf1,63,0:08:49
1518,21,Alfons2357,Black,c2,64,0:09:30
1519,21,pedro_verdadeiro,White,Ke2,65,0:08:51
1520,21,Alfons2357,Black,c1=Q,66,0:09:32
1521,21,pedro_verdadeiro,White,Kf3,67,0:09:19
1522,21,Alfons2357,Black,Qc6+,68,0:09:38
1523,21,pedro_verdadeiro,White,Kg3,69,0:09:21
1524,21,Alfons2357,Black,g6,70,0:09:46
1525,21,pedro_verdadeiro,White,a3,71,0:09:24
1526,21,Alfons2357,Black,Kg7,72,0:09:48
1527,21,pedro_verdadeiro,White,a4,73,0:09:26
1528,21,Alfons2357,Black,Ne4+,74,0:09:50
1529,21,pedro_verdadeiro,White,Kf3,75,0:09:37
1530,21,Alfons2357,Black,Qxa4,76,0:09:59
1531,21,pedro_verdadeiro,White,h4,77,0:09:53
1532,21,Alfons2357,Black,Qd1+,78,0:10:00
1533,21,pedro_verdadeiro,White,Kg2,79,0:07:32
1534,21,Alfons2357,Black,Qxg4+,80,0:07:15
1535,21,pedro_verdadeiro,White,Kh2,81,0:07:34
1536,21,Alfons2357,Black,Nf2,82,0:07:21
1537,21,pedro_verdadeiro,White,h5,83,0:07:48
1538,21,Alfons2357,Black,gxh5,84,0:07:30
1539,21,pedro_verdadeiro,White,e4,85,0:07:50
1540,21,Alfons2357,Black,Nd1,86,0:07:39
1541,21,pedro_verdadeiro,White,e5,87,0:07:53
1542,21,Alfons2357,Black,Kf7,88,0:07:42
1543,21,pedro_verdadeiro,White,e6+,89,0:08:21
1544,21,Alfons2357,Black,Kxe6,90,0:07:48
1545,21,pedro_verdadeiro,White,Kh1,91,0:08:47
1546,21,Alfons2357,Black,Ne3,92,0:08:01
1547,21,pedro_verdadeiro,White,Kh2,93,0:08:57
1548,21,Alfons2357,Black,Qg2#,94,0:08:33
1549,22,elad2222,White,d4,1,0:09:03
1550,22,Alfons2357,Black,c6,2,0:08:36
1551,22,elad2222,White,c4,3,0:09:06
1552,22,Alfons2357,Black,Nf6,4,0:08:52
1553,22,elad2222,White,Bg5,5,0:09:12
1554,22,Alfons2357,Black,Ne4,6,0:09:05
1555,22,elad2222,White,Nf3,7,0:09:18
1556,22,Alfons2357,Black,Nxg5,8,0:09:10
1557,22,elad2222,White,Nxg5,9,0:09:24
1558,22,Alfons2357,Black,e5,10,0:09:21
1559,22,elad2222,White,e3,11,0:09:44
1560,22,Alfons2357,Black,Qxg5,12,0:09:44
1561,22,elad2222,White,d5,13,0:09:50
1562,22,Alfons2357,Black,Bb4+,14,0:09:50
1563,22,elad2222,White,Nc3,15,0:09:55
1564,22,Alfons2357,Black,cxd5,16,0:09:59
1565,22,elad2222,White,Qxd5,17,0:09:58
1566,22,Alfons2357,Black,O-O,18,0:10:00
1567,22,elad2222,White,Bd3,19,0:07:34
1568,22,Alfons2357,Black,d6,20,0:04:49
1569,22,elad2222,White,h4,21,0:07:39
1570,22,Alfons2357,Black,Qh5,22,0:04:50
1571,22,elad2222,White,Be2,23,0:07:41
1572,22,Alfons2357,Black,Qf5,24,0:04:57
1573,22,elad2222,White,g4,25,0:07:45
1574,22,Alfons2357,Black,Qxf2+,26,0:05:00
1575,22,elad2222,White,Kxf2,27,0:07:47
1576,22,Alfons2357,Black,Na6,28,0:05:02
1577,22,elad2222,White,Nb5,29,0:07:52
1578,22,Alfons2357,Black,Be6,30,0:05:30
1579,22,elad2222,White,Qxb7,31,0:08:27
1580,22,Alfons2357,Black,Nc5,32,0:05:31
1581,22,elad2222,White,Qc7,33,0:08:33
1582,22,Alfons2357,Black,Ne4+,34,0:06:15
1583,22,elad2222,White,Kg2,35,0:08:33
1584,22,Alfons2357,Black,Rfc8,36,0:06:19
1585,22,elad2222,White,Qe7,37,0:08:41
1586,22,Alfons2357,Black,Re8,38,0:06:30
1587,22,elad2222,White,Qc7,39,0:08:46
1588,22,Alfons2357,Black,Red8,40,0:06:46
1589,22,elad2222,White,Rad1,41,0:09:02
1590,22,Alfons2357,Black,Rd7,42,0:07:15
1591,22,elad2222,White,c5,43,0:09:10
1592,22,Alfons2357,Black,Rxc7,44,0:07:29
1593,22,elad2222,White,Nxc7,45,0:09:12
1594,22,Alfons2357,Black,Rd8,46,0:07:38
1595,22,elad2222,White,Nxe6,47,0:09:21
1596,22,Alfons2357,Black,fxe6,48,0:07:48
1597,22,elad2222,White,Bc4,49,0:09:24
1598,22,Alfons2357,Black,Kf7,50,0:07:49
1599,22,elad2222,White,Rhf1+,51,0:09:25
1600,22,Alfons2357,Black,Ke7,52,0:07:51
1601,22,elad2222,White,g5,53,0:09:26
1602,22,Alfons2357,Black,Bxc5,54,0:07:56
1603,22,elad2222,White,a3,55,0:09:32
1604,22,Alfons2357,Black,d5,56,0:08:13
1605,22,elad2222,White,Bb5,57,0:09:34
1606,22,Alfons2357,Black,Rd6,58,0:08:13
1607,22,elad2222,White,Rc1,59,0:09:38
1608,22,Alfons2357,Black,Bb6,60,0:08:42
1609,22,elad2222,White,Rc8,61,0:09:44
1610,22,Alfons2357,Black,g6,62,0:08:45
1611,22,elad2222,White,Rff8,63,0:09:47
1612,22,Alfons2357,Black,d4,64,0:09:16
1613,22,elad2222,White,Rce8#,65,0:09:54
1614,23,KiwiHunter,White,d4,1,0:09:42
1615,23,Alfons2357,Black,c6,2,0:09:57
1616,23,KiwiHunter,White,Bf4,3,0:09:55
1617,23,Alfons2357,Black,d5,4,0:09:59
1618,23,KiwiHunter,White,c4,5,0:09:56
1619,23,Alfons2357,Black,Nf6,6,0:10:00
1620,23,KiwiHunter,White,e3,7,0:10:00
1621,23,Alfons2357,Black,dxc4,8,0:05:29
1622,23,KiwiHunter,White,Bxc4,9,0:05:57
1623,23,Alfons2357,Black,e6,10,0:05:36
1624,23,KiwiHunter,White,Nf3,11,0:06:00
1625,23,Alfons2357,Black,Nbd7,12,0:05:40
1626,23,KiwiHunter,White,O-O,13,0:06:01
1627,23,Alfons2357,Black,b5,14,0:05:41
1628,23,KiwiHunter,White,Nc3,15,0:06:02
1629,23,Alfons2357,Black,bxc4,16,0:05:42
1630,23,KiwiHunter,White,Rc1,17,0:06:03
1631,23,Alfons2357,Black,Bb7,18,0:05:45
1632,23,KiwiHunter,White,Qa4,19,0:06:03
1633,23,Alfons2357,Black,c5,20,0:05:47
1634,23,KiwiHunter,White,Ne5,21,0:06:15
1635,23,Alfons2357,Black,cxd4,22,0:06:03
1636,23,KiwiHunter,White,exd4,23,0:06:16
1637,23,Alfons2357,Black,Bd6,24,0:06:06
1638,23,KiwiHunter,White,Rfe1,25,0:06:17
1639,23,Alfons2357,Black,O-O,26,0:06:18
1640,23,KiwiHunter,White,d5,27,0:06:21
1641,23,Alfons2357,Black,Bb8,28,0:06:20
1642,23,KiwiHunter,White,dxe6,29,0:06:31
1643,23,Alfons2357,Black,Nc5,30,0:06:29
1644,23,KiwiHunter,White,Qc2,31,0:06:50
1645,23,Alfons2357,Black,Nxe6,32,0:06:56
1646,23,KiwiHunter,White,Rcd1,33,0:06:55
1647,23,Alfons2357,Black,Qa5,34,0:07:00
1648,23,KiwiHunter,White,Nd7,35,0:06:58
1649,23,Alfons2357,Black,Nxd7,36,0:07:08
1650,23,KiwiHunter,White,Rxd7,37,0:06:58
1651,23,Alfons2357,Black,Nc5,38,0:07:10
1652,23,KiwiHunter,White,Rxf7,39,0:07:00
1653,23,Alfons2357,Black,Bxf4,40,0:07:14
1654,23,KiwiHunter,White,Rxg7+,41,0:07:03
1655,23,Alfons2357,Black,Kxg7,42,0:07:17
1656,23,KiwiHunter,White,Re7+,43,0:07:07
1657,23,Alfons2357,Black,Rf7,44,0:07:22
1658,23,KiwiHunter,White,Rxf7+,45,0:07:12
1659,23,Alfons2357,Black,Kxf7,46,0:07:30
1660,23,KiwiHunter,White,Qxh7+,47,0:07:21
1661,23,Alfons2357,Black,Ke6,48,0:07:31
1662,23,KiwiHunter,White,Qxb7,49,0:07:27
1663,23,Alfons2357,Black,Nxb7,50,0:07:37
1664,24,Alfons2357,White,e4,1,0:08:08
1665,24,g0spursg0,Black,e5,2,0:07:53
1666,24,Alfons2357,White,Nf3,3,0:08:42
1667,24,g0spursg0,Black,Nc6,4,0:07:54
1668,24,Alfons2357,White,c3,5,0:08:51
1669,24,g0spursg0,Black,Nf6,6,0:08:55
1670,24,Alfons2357,White,d3,7,0:09:45
1671,24,g0spursg0,Black,Bc5,8,0:09:13
1672,24,Alfons2357,White,Bg5,9,0:09:47
1673,24,g0spursg0,Black,O-O,10,0:09:43
1674,24,Alfons2357,White,Nbd2,11,0:09:48
1675,24,g0spursg0,Black,d6,12,0:09:46
1676,24,Alfons2357,White,Nb3,13,0:09:52
1677,24,g0spursg0,Black,Bg4,14,0:09:54
1678,24,Alfons2357,White,Nxc5,15,0:09:53
1679,24,g0spursg0,Black,dxc5,16,0:09:57
1680,24,Alfons2357,White,Be2,17,0:09:58
1681,24,g0spursg0,Black,Qd6,18,0:00:38
1682,24,Alfons2357,White,Qb3,19,0:00:00
1683,24,g0spursg0,Black,Na5,20,0:00:38
1684,24,Alfons2357,White,Qc2,21,0:00:01
1685,24,g0spursg0,Black,Nd7,22,0:00:38
1686,24,Alfons2357,White,Rd1,23,0:00:02
1687,24,g0spursg0,Black,f6,24,0:00:38
1688,24,Alfons2357,White,Be3,25,0:00:03
1689,24,g0spursg0,Black,Be6,26,0:00:39
1690,24,Alfons2357,White,b4,27,0:00:04
1691,24,g0spursg0,Black,cxb4,28,0:00:39
1692,24,Alfons2357,White,cxb4,29,0:00:07
1693,24,g0spursg0,Black,Qxb4+,30,0:00:40
1694,24,Alfons2357,White,Bd2,31,0:00:09
1695,24,g0spursg0,Black,Qa3,32,0:00:40
1696,24,Alfons2357,White,O-O,33,0:00:14
1697,24,g0spursg0,Black,Bxa2,34,0:00:41
1698,24,Alfons2357,White,Bxa5,35,0:00:17
1699,24,g0spursg0,Black,Bb3,36,0:00:43
1700,24,Alfons2357,White,Qc3,37,0:00:19
1701,24,g0spursg0,Black,Nc5,38,0:00:43
1702,24,Alfons2357,White,Bb4,39,0:00:20
1703,24,g0spursg0,Black,Qa2,40,0:00:45
1704,24,Alfons2357,White,Bxc5,41,0:00:24
1705,24,g0spursg0,Black,Bxd1,42,0:00:47
1706,24,Alfons2357,White,Bxd1,43,0:00:27
1707,24,g0spursg0,Black,Rfd8,44,0:00:47
1708,24,Alfons2357,White,Bb3+,45,0:00:29
1709,25,Tombombadillen,White,e4,1,0:00:48
1710,25,Alfons2357,Black,c6,2,0:00:32
1711,25,Tombombadillen,White,Nf3,3,0:00:49
1712,25,Alfons2357,Black,d5,4,0:00:36
1713,25,Tombombadillen,White,d4,5,0:00:50
1714,25,Alfons2357,Black,Bg4,6,0:00:38
1715,25,Tombombadillen,White,Be2,7,0:00:52
1716,25,Alfons2357,Black,dxe4,8,0:00:40
1717,25,Tombombadillen,White,Ne5,9,0:00:57
1718,25,Alfons2357,Black,Bxe2,10,0:00:50
1719,25,Tombombadillen,White,Qxe2,11,0:00:58
1720,25,Alfons2357,Black,Qxd4,12,0:00:53
1721,25,Tombombadillen,White,f4,13,0:01:01
1722,25,Alfons2357,Black,Nf6,14,0:01:05
1723,25,Tombombadillen,White,c3,15,0:01:10
1724,25,Alfons2357,Black,Qb6,16,0:01:08
1725,25,Tombombadillen,White,Nd2,17,0:01:11
1726,25,Alfons2357,Black,Nbd7,18,0:01:13
1727,25,Tombombadillen,White,Qc4,19,0:01:13
1728,25,Alfons2357,Black,Qe3+,20,0:01:19
1729,25,Tombombadillen,White,Kd1,21,0:01:17
1730,25,Alfons2357,Black,Nxe5,22,0:01:22
1731,25,Tombombadillen,White,fxe5,23,0:01:20
1732,25,Alfons2357,Black,Ng4,24,0:01:24
1733,25,Tombombadillen,White,e6,25,0:01:23
1734,25,Alfons2357,Black,fxe6,26,0:01:25
1735,25,Tombombadillen,White,Qxe6,27,0:01:24
1736,25,Alfons2357,Black,Nf2+,28,0:01:31
1737,25,Tombombadillen,White,Kc2,29,0:01:35
1738,25,Alfons2357,Black,Qd3+,30,0:01:43
1739,25,Tombombadillen,White,Kb3,31,0:01:42
1740,25,Alfons2357,Black,Nxh1,32,0:01:52
1741,25,Tombombadillen,White,Nxe4,33,0:01:45
1742,25,Alfons2357,Black,Qb5+,34,0:01:53
1743,25,Tombombadillen,White,Kc2,35,0:01:46
1744,25,Alfons2357,Black,Rd8,36,0:01:56
1745,25,Tombombadillen,White,Bg5,37,0:01:49
1746,25,Alfons2357,Black,Qe2+,38,0:02:05
1747,25,Tombombadillen,White,Kb3,39,0:01:50
1748,25,Alfons2357,Black,Qb5+,40,0:02:07
1749,25,Tombombadillen,White,Kc2,41,0:01:52
1750,25,Alfons2357,Black,Rd2+,42,0:02:13
1751,25,Tombombadillen,White,Nxd2,43,0:01:58
1752,25,Alfons2357,Black,Qxg5,44,0:02:14
1753,25,Tombombadillen,White,Qc8+,45,0:02:05
1754,25,Alfons2357,Black,Kf7,46,0:02:24
1755,25,Tombombadillen,White,Rxh1,47,0:02:06
1756,25,Alfons2357,Black,Qf5+,48,0:02:27
1757,25,Tombombadillen,White,Kb3,49,0:02:07
1758,25,Alfons2357,Black,g6,50,0:02:34
1759,25,Tombombadillen,White,Rf1,51,0:02:12
1760,25,Alfons2357,Black,Bg7,52,0:02:43
1761,25,Tombombadillen,White,Qxb7,53,0:02:13
1762,25,Alfons2357,Black,Rb8,54,0:02:49
1763,25,Tombombadillen,White,Qxb8,55,0:02:35
1764,25,Alfons2357,Black,Qxf1,56,0:02:50
1765,25,Tombombadillen,White,Nxf1,57,0:02:42
1766,25,Alfons2357,Black,h6,58,0:02:52
1767,25,Tombombadillen,White,Qxa7,59,0:02:56
1768,26,Alfons2357,White,e4,1,0:02:55
1769,26,GrindChess1,Black,e5,2,0:02:58
1770,26,Alfons2357,White,Nf3,3,0:02:55
1771,26,GrindChess1,Black,Nc6,4,0:02:59
1772,26,Alfons2357,White,c3,5,0:03:00
1773,26,GrindChess1,Black,d6,6,0:00:18
1774,26,Alfons2357,White,Qa4,7,0:00:03
1775,26,GrindChess1,Black,Bg4,8,0:00:20
1776,26,Alfons2357,White,Bb5,9,0:00:03
1777,26,GrindChess1,Black,Qd7,10,0:00:22
1778,26,Alfons2357,White,d4,11,0:00:04
1779,26,GrindChess1,Black,Bxf3,12,0:00:23
1780,26,Alfons2357,White,d5,13,0:00:04
1781,26,GrindChess1,Black,Bxg2,14,0:00:25
1782,26,Alfons2357,White,dxc6,15,0:00:04
1783,26,GrindChess1,Black,Qc8,16,0:00:27
1784,26,Alfons2357,White,cxb7+,17,0:00:06
1785,27,Rajeshpandit2828,White,e4,1,0:00:29
1786,27,Alfons2357,Black,c6,2,0:00:07
1787,27,Rajeshpandit2828,White,c4,3,0:00:30
1788,27,Alfons2357,Black,d5,4,0:00:10
1789,27,Rajeshpandit2828,White,c5,5,0:00:32
1790,27,Alfons2357,Black,g6,6,0:00:11
1791,27,Rajeshpandit2828,White,e5,7,0:00:34
1792,27,Alfons2357,Black,Bf5,8,0:00:11
1793,27,Rajeshpandit2828,White,d4,9,0:00:35
1794,27,Alfons2357,Black,e6,10,0:00:16
1795,27,Rajeshpandit2828,White,g4,11,0:00:36
1796,27,Alfons2357,Black,b6,12,0:00:17
1797,27,Rajeshpandit2828,White,gxf5,13,0:00:38
1798,27,Alfons2357,Black,f6,14,0:00:18
1799,27,Rajeshpandit2828,White,fxg6,15,0:00:39
1800,27,Alfons2357,Black,hxg6,16,0:00:19
1801,27,Rajeshpandit2828,White,Nh3,17,0:00:50
1802,27,Alfons2357,Black,Nd7,18,0:00:28
1803,27,Rajeshpandit2828,White,Qa4,19,0:00:51
1804,27,Alfons2357,Black,Ne7,20,0:00:31
1805,27,Rajeshpandit2828,White,exf6,21,0:00:55
1806,27,Alfons2357,Black,Nxf6,22,0:00:35
1807,27,Rajeshpandit2828,White,Bg5,23,0:00:58
1808,27,Alfons2357,Black,Ne4,24,0:00:35
1809,27,Rajeshpandit2828,White,Bxe7,25,0:01:00
1810,27,Alfons2357,Black,Bxe7,26,0:00:37
1811,27,Rajeshpandit2828,White,Qxc6+,27,0:01:02
1812,27,Alfons2357,Black,Kf7,28,0:00:49
1813,27,Rajeshpandit2828,White,Bd3,29,0:01:05
1814,27,Alfons2357,Black,Rxh3,30,0:00:55
1815,27,Rajeshpandit2828,White,Bxe4,31,0:01:07
1816,27,Alfons2357,Black,Rc8,32,0:00:56
1817,27,Rajeshpandit2828,White,Bxg6+,33,0:01:09
1818,27,Alfons2357,Black,Kxg6,34,0:00:57
1819,27,Rajeshpandit2828,White,Qa4,35,0:01:12
1820,27,Alfons2357,Black,Rc7,36,0:01:01
1821,27,Rajeshpandit2828,White,Qc2+,37,0:01:14
1822,27,Alfons2357,Black,Kf7,38,0:01:03
1823,27,Rajeshpandit2828,White,Rg1,39,0:01:20
1824,27,Alfons2357,Black,Qh8,40,0:01:07
1825,27,Rajeshpandit2828,White,Qg6+,41,0:01:25
1826,27,Alfons2357,Black,Kf8,42,0:01:08
1827,27,Rajeshpandit2828,White,Nc3,43,0:01:26
1828,27,Alfons2357,Black,Rxh2,44,0:01:08
1829,27,Rajeshpandit2828,White,Nb5,45,0:01:29
1830,27,Alfons2357,Black,Rd7,46,0:01:12
1831,27,Rajeshpandit2828,White,Qxe6,47,0:01:30
1832,27,Alfons2357,Black,Qxd4,48,0:01:16
1833,27,Rajeshpandit2828,White,Qg8#,49,0:01:33
1834,28,Alfons2357,White,e4,1,0:01:22
1835,28,AN1701,Black,e5,2,0:01:38
1836,28,Alfons2357,White,Nf3,3,0:01:24
1837,28,AN1701,Black,d6,4,0:01:39
1838,28,Alfons2357,White,c3,5,0:01:36
1839,28,AN1701,Black,Bg4,6,0:01:44
1840,28,Alfons2357,White,Qa4+,7,0:01:37
1841,28,AN1701,Black,Nc6,8,0:01:48
1842,28,Alfons2357,White,Bb5,9,0:01:42
1843,28,AN1701,Black,Qd7,10,0:01:50
1844,28,Alfons2357,White,d4,11,0:01:47
1845,28,AN1701,Black,Bxf3,12,0:01:53
1846,28,Alfons2357,White,d5,13,0:01:48
1847,28,AN1701,Black,Bxg2,14,0:02:00
1848,28,Alfons2357,White,dxc6,15,0:01:49
1849,28,AN1701,Black,bxc6,16,0:02:16
1850,28,Alfons2357,White,Bxc6,17,0:02:07
1851,28,AN1701,Black,Qxc6,18,0:02:19
1852,28,Alfons2357,White,Qxc6+,19,0:02:10
1853,28,AN1701,Black,Ke7,20,0:02:29
1854,28,Alfons2357,White,Qxa8,21,0:02:11
1855,28,AN1701,Black,Bxh1,22,0:02:32
1856,28,Alfons2357,White,Bg5+,23,0:02:12
1857,28,AN1701,Black,f6,24,0:02:39
1858,28,Alfons2357,White,Nd2,25,0:02:26
1859,28,AN1701,Black,h6,26,0:02:40
1860,28,Alfons2357,White,Be3,27,0:02:30
1861,28,AN1701,Black,g5,28,0:02:48
1862,28,Alfons2357,White,Ke2,29,0:02:37
1863,28,AN1701,Black,f5,30,0:02:51
1864,28,Alfons2357,White,Rxh1,31,0:02:43
1865,28,AN1701,Black,fxe4,32,0:02:53
1866,28,Alfons2357,White,Nxe4,33,0:02:44
1867,28,AN1701,Black,Nf6,34,0:02:56
1868,28,Alfons2357,White,f3,35,0:02:48
1869,28,AN1701,Black,Nxe4,36,0:02:57
1870,28,Alfons2357,White,fxe4,37,0:02:50
1871,28,AN1701,Black,Bg7,38,0:02:58
1872,28,Alfons2357,White,Qd5,39,0:02:50
1873,28,AN1701,Black,Kd7,40,0:02:59
1874,28,Alfons2357,White,c4,41,0:02:52
1875,28,AN1701,Black,c6,42,0:02:59
1876,28,Alfons2357,White,Qf7+,43,0:02:53
